Board ID,Pressure,Pressure temperature,Humidity,Humidity temperature,Computer date,Computer time,GPS date,GPS time,Latitude,Longitude,Altitude,Number of satellites,Sensor 1,Sensor 1 value 1,Sensor 1 value 2,Sensor 2,Sensor 2 value 1,Sensor 2 value 2,Sensor 3,Sensor 3 value 1,Sensor 3 value 2,Sensor 4,Sensor 4 value 1, Sensor 4 value 2,
0,+097427,+2834,+0317,+2925,30-Oct-2016,13:06:51,2016/10/30,18:06:47,+0366058215,-0974862793,+00269026,03,5,+1923,008093,13,+1513,008015,8,+0742,+1490,17,+0781,+1558
0,+097459,+2837,+0318,+2925,30-Oct-2016,13:06:52,2016/10/30,18:06:48,+0366058238,-0974862347,+00267131,03,5,+1926,008078,13,+1524,007981,8,+0743,+1494,17,+0786,+1555
0,+097495,+2835,+0317,+2925,30-Oct-2016,13:06:53,2016/10/30,18:06:49,+0366058103,-0974862017,+00265528,03,5,+1923,008094,13,+1530,007961,8,+0741,+1498,17,+0786,+1554
0,+097511,+2834,+0314,+2925,30-Oct-2016,13:06:54,2016/10/30,18:06:50,+0366057798,-0974862212,+00261351,04,5,+1923,008095,13,+1527,007972,8,+0739,+1502,17,+0786,+1553
0,+097557,+2834,+0313,+2925,30-Oct-2016,13:06:55,2016/10/30,18:06:51,+0366057713,-0974861881,+00266205,04,5,+1928,008068,13,+1528,007967,8,+0739,+1507,17,+0790,+1551
0,+097581,+2835,+0312,+2929,30-Oct-2016,13:06:56,2016/10/30,18:06:52,+0366057676,-0974861532,+00267485,04,5,+1931,008053,13,+1524,007981,8,+0739,+1507,17,+0790,+1554
0,+097602,+2827,+0316,+2929,30-Oct-2016,13:06:57,2016/10/30,18:06:53,+0366057980,-0974861926,+00263234,04,5,+0000,000000,13,+1531,007958,8,+0739,+1509,17,+0790,+1554
0,+097639,+2836,+0312,+2934,30-Oct-2016,13:06:58,2016/10/30,18:06:54,+0366058022,-0974861579,+00264198,04,5,+1933,008046,13,+1531,007958,8,+0739,+1510,17,+0790,+1554
0,+097674,+2837,+0316,+2929,30-Oct-2016,13:06:59,2016/10/30,18:06:55,+0366057787,-0974861369,+00264988,04,5,+1934,008039,13,+1534,007948,8,+0739,+1513,17,+0791,+1555
0,+097710,+2834,+0316,+2929,30-Oct-2016,13:07:00,2016/10/30,18:06:56,+0366058087,-0974861519,+00260595,03,5,+1936,008031,13,+1539,007933,8,+0740,+1514,17,+0792,+1557
0,+097738,+2835,+0315,+2934,30-Oct-2016,13:07:01,2016/10/30,18:06:57,+0366058159,-0974861217,+00260516,03,5,+1940,008014,13,+1548,007904,8,+0740,+1515,17,+0793,+1558
0,+097760,+2840,+0316,+2934,30-Oct-2016,13:07:02,2016/10/30,18:06:58,+0366058216,-0974860893,+00260641,03,5,+1942,008004,13,+1546,007909,8,+0739,+1520,17,+0793,+1558
0,+097790,+2835,+0316,+2934,30-Oct-2016,13:07:03,2016/10/30,18:06:59,+0366058160,-0974860623,+00260641,00,5,+1939,008015,13,+1548,007905,8,+0736,+1520,17,+0790,+1559
0,+097823,+2838,+0312,+2934,30-Oct-2016,13:07:04,2016/10/30,18:07:00,+0366058103,-0974860352,+00260641,00,5,+1944,007992,13,+1554,007884,8,+0737,+1524,17,+0790,+1559
0,+097849,+2835,+0313,+2934,30-Oct-2016,13:07:05,2016/10/30,18:07:01,+0366058047,-0974860081,+00260641,00,5,+0000,000000,13,+1560,007866,8,+0736,+1524,17,+0791,+1565
0,+097881,+2837,+0313,+2938,30-Oct-2016,13:07:06,2016/10/30,18:07:02,+0366057991,-0974859811,+00260641,00,5,+1950,007966,13,+1567,007844,8,+0736,+1528,17,+0791,+1565
0,+097919,+2839,+0313,+2938,30-Oct-2016,13:07:07,2016/10/30,18:07:03,+0366057935,-0974859540,+00260641,00,5,+1949,007970,13,+1570,007835,8,+0735,+1531,17,+0790,+1569
0,+097955,+2840,+0315,+2938,30-Oct-2016,13:07:08,2016/10/30,18:07:04,+0366057879,-0974859270,+00260641,00,5,+1949,007970,13,+1563,007857,8,+0732,+1533,17,+0788,+1569
0,+097965,+2838,+0315,+2938,30-Oct-2016,13:07:09,2016/10/30,18:07:05,+0366057823,-0974858999,+00260641,00,5,+1947,007979,13,+1562,007860,8,+0732,+1533,17,+0788,+1570
0,+098002,+2839,+0315,+2938,30-Oct-2016,13:07:10,2016/10/30,18:07:06,+0366057289,-0974858824,+00258699,03,5,+1947,007982,13,+1557,007877,8,+0731,+1533,17,+0785,+1569
0,+098032,+2840,+0316,+2938,30-Oct-2016,13:07:11,2016/10/30,18:07:07,+0366058129,-0974858225,+00257231,03,5,+1947,007978,13,+1558,007873,8,+0731,+1535,17,+0786,+1572
0,+098071,+2840,+0316,+2942,30-Oct-2016,13:07:12,2016/10/30,18:07:08,+0366058307,-0974857838,+00256884,03,5,+1948,007976,13,+1560,007867,8,+0730,+1535,17,+0784,+1572
0,+098095,+2839,+0317,+2934,30-Oct-2016,13:07:13,2016/10/30,18:07:09,+0366057954,-0974857709,+00256650,03,5,+1946,007986,13,+1559,007868,8,+0728,+1536,17,+0782,+1574
0,+098130,+2839,+0318,+2942,30-Oct-2016,13:07:14,2016/10/30,18:07:10,+0366057759,-0974857498,+00256943,03,5,+1950,007964,13,+1560,007866,8,+0727,+1536,17,+0781,+1574
0,+098154,+2839,+0319,+2946,30-Oct-2016,13:07:15,2016/10/30,18:07:11,+0366058234,-0974858046,+00258207,03,5,+1951,007959,13,+1563,007858,8,+0726,+1538,17,+0780,+1574
0,+098187,+2836,+0319,+2946,30-Oct-2016,13:07:16,2016/10/30,18:07:12,+0366058039,-0974857938,+00257300,03,5,+1951,007961,13,+1569,007839,8,+0728,+1539,17,+0782,+1577
0,+098214,+2839,+0319,+2946,30-Oct-2016,13:07:17,2016/10/30,18:07:13,+0366057758,-0974857927,+00257666,03,5,+1304,011555,13,+1563,007856,8,+0727,+1539,17,+0780,+1580
0,+098235,+2841,+0319,+2946,30-Oct-2016,13:07:18,2016/10/30,18:07:14,+0366057421,-0974857651,+00257023,03,5,+1958,007928,13,+1571,007831,8,+0728,+1540,17,+0781,+1583
0,+098273,+2840,+0318,+2942,30-Oct-2016,13:07:19,2016/10/30,18:07:15,+0366057407,-0974857425,+00257572,03,5,+1958,007926,13,+1573,007827,8,+0727,+1542,17,+0779,+1586
0,+098315,+2840,+0318,+2946,30-Oct-2016,13:07:20,2016/10/30,18:07:16,+0366057160,-0974857358,+00257595,03,5,+1963,007903,13,+1572,007829,8,+0726,+1543,17,+0776,+1587
0,+098342,+2841,+0318,+2946,30-Oct-2016,13:07:21,2016/10/30,18:07:17,+0366057105,-0974857617,+00258292,03,5,+1967,007887,13,+1577,007812,8,+0726,+1545,17,+0776,+1591
0,+098350,+2841,+0317,+2946,30-Oct-2016,13:07:22,0995/24/07,10:30:18,-1763654172,-0606403834,-67190269,00,5,+1972,007863,13,+1576,007818,8,+0725,+1545,17,+0774,+1594
0,+098358,+2842,+0316,+2951,30-Oct-2016,13:07:23,2016/10/30,18:07:19,+0366058001,-0974864345,+00243195,04,5,+1974,007854,13,+1582,007799,8,+0726,+1550,17,+0773,+1599
0,+098363,+2840,+0315,+2951,30-Oct-2016,13:07:24,2016/10/30,18:07:20,+0366058289,-0974866336,+00243516,04,5,+1989,007784,13,+1587,007782,8,+0725,+1554,17,+0771,+1611
0,+098354,+2842,+0314,+2951,30-Oct-2016,13:07:25,2016/10/30,18:07:21,+0366058225,-0974867265,+00243884,04,5,+1997,007750,13,+1587,007781,8,+0725,+1560,17,+0769,+1620
0,+098338,+2840,+0314,+2955,30-Oct-2016,13:07:26,2016/10/30,18:07:22,+0366058186,-0974867255,+00242714,04,5,+1995,007757,13,+1593,007763,8,+0723,+1565,17,+0765,+1624
0,+098310,+2840,+0315,+2955,30-Oct-2016,13:07:27,2016/10/30,18:07:23,+0366058202,-0974867426,+00246345,03,5,+1992,007770,13,+1592,007766,8,+0722,+1567,17,+0764,+1626
0,+098267,+2837,+0316,+2959,30-Oct-2016,13:07:28,2016/10/30,18:07:24,+0366058045,-0974867561,+00250450,03,5,+1990,007779,13,+1598,007749,8,+0720,+1568,17,+0763,+1629
0,+098233,+2842,+0316,+2959,30-Oct-2016,13:07:29,2016/10/30,18:07:25,+0366057842,-0974867792,+00252283,03,5,+1977,007839,13,+1601,007738,8,+0719,+1570,17,+0761,+1630
0,+098176,+2839,+0318,+2959,30-Oct-2016,13:07:30,2016/10/30,18:07:26,+0366057738,-0974867752,+00252284,00,5,+1976,007847,13,+1593,007764,8,+0719,+1570,17,+0761,+1630
0,+098131,+2842,+0318,+2955,30-Oct-2016,13:07:31,2016/10/30,18:07:27,+0366057538,-0974867871,+00253220,03,5,+1971,007869,13,+1596,007755,8,+0719,+1570,17,+0761,+1629
0,+098081,+2843,+0319,+2959,30-Oct-2016,13:07:32,2016/10/30,18:07:28,+0366057189,-0974867825,+00251719,03,5,+1955,007942,13,+1567,007844,8,+0715,+1570,17,+0758,+1624
0,+098040,+2843,+0319,+2959,30-Oct-2016,13:07:33,2016/10/30,18:07:29,+0366056829,-0974868722,+00250759,03,5,+1944,007994,13,+1548,007903,8,+0708,+1565,17,+0753,+1618
0,+097984,+2842,+0319,+2959,30-Oct-2016,13:07:34,2016/10/30,18:07:30,+0366056499,-0974869608,+00249730,03,5,+1938,008020,13,+0633,011498,8,+0706,+1563,17,+0752,+1612
0,+097933,+2841,+0319,+2964,30-Oct-2016,13:07:35,7347/07/10,30:18:07,-0778913083,-0458679804,+62784512,06,5,+1933,008044,13,+1531,007957,8,+0706,+1558,17,+0752,+1606
0,+097882,+2843,+0320,+2959,30-Oct-2016,13:07:36,2016/10/30,18:07:32,+0366055975,-0974870936,+00244963,04,5,+1929,008063,13,+1514,008012,8,+0706,+1557,17,+0754,+1601
0,+097833,+2843,+0319,+2959,30-Oct-2016,13:07:37,2016/10/30,18:07:33,+0366056065,-0974871760,+00245099,04,5,+1929,008062,13,+1512,008019,8,+0707,+1553,17,+0755,+1595
0,+097784,+2845,+0319,+2964,30-Oct-2016,13:07:38,2016/10/30,18:07:34,+0366055851,-0974872702,+00248130,03,5,+1924,008087,13,+1515,008009,8,+0708,+1550,17,+0758,+1591
0,+097728,+2844,+0319,+2959,30-Oct-2016,13:07:39,2016/10/30,18:07:35,+0366055798,-0974873634,+00249602,03,5,+1923,008092,13,+1522,007986,8,+0709,+1549,17,+0759,+1587
0,+097680,+2845,+0320,+2968,30-Oct-2016,13:07:40,2016/10/30,18:07:36,+0366055770,-0974874541,+00250528,03,5,+1922,008098,13,+1524,007981,8,+0709,+1547,17,+0761,+1584
0,+097621,+2841,+0316,+2964,30-Oct-2016,13:07:41,2016/10/30,18:07:37,+0366055726,-0974875431,+00250726,03,5,+1920,008108,13,+1521,007991,8,+0709,+1546,17,+0762,+1581
0,+097568,+2839,+0316,+2968,30-Oct-2016,13:07:42,2016/10/30,18:07:38,+0366055642,-0974876058,+00246044,04,5,+1918,008115,13,+1515,008008,8,+0710,+1543,17,+0763,+1577
0,+097520,+2843,+0313,+2972,30-Oct-2016,13:07:43,2016/10/30,18:07:39,-0779113019,-0460308416,+62279936,04,5,+1915,008130,13,+1502,008049,8,+0711,+1540,17,+0764,+1574
0,+097459,+2845,+0317,+2968,30-Oct-2016,13:07:44,2016/10/30,18:07:40,-0779154491,-0460354044,+62375424,06,5,+1913,008142,13,+1501,008054,8,+0711,+1538,17,+0766,+1572
0,+097414,+2844,+0317,+2972,30-Oct-2016,13:07:45,2016/10/30,18:07:41,+0366054893,-0974876858,+00244530,04,5,+1907,008170,13,+1500,008058,8,+0712,+1536,17,+0767,+1569
0,+097364,+2843,+0315,+2968,30-Oct-2016,13:07:46,2016/10/30,18:07:42,+0366054730,-0974877188,+00244611,00,5,+1905,008177,13,+1498,008064,8,+0713,+1533,17,+0768,+1565
0,+097312,+2841,+0313,+2972,30-Oct-2016,13:07:47,2016/10/30,18:07:43,-0779310907,-0460550991,+62641152,00,5,+1905,008177,13,+1495,008072,8,+0713,+1532,17,+0768,+1563
0,+097261,+2844,+0315,+2977,30-Oct-2016,13:07:48,2016/10/30,18:07:44,+0366054406,-0974877849,+00244773,00,5,+1903,008187,13,+1500,008058,8,+0713,+1532,17,+0769,+1558
0,+097225,+2846,+0317,+2977,30-Oct-2016,13:07:49,2016/10/30,18:07:45,+0366053879,-0974878973,+00248780,03,5,+1902,008194,13,+1504,008045,8,+0713,+1532,17,+0770,+1558
0,+097188,+2839,+0315,+2972,30-Oct-2016,13:07:50,2016/10/30,18:07:46,+0366053553,-0974880184,+00249962,03,5,+1271,011773,13,+1504,008043,8,+0713,+1533,17,+0770,+1555
0,+097171,+2845,+0314,+2981,30-Oct-2016,13:07:51,2016/10/30,18:07:47,+0366053342,-0974880864,+00248106,04,5,+1908,008165,13,+1490,008089,8,+0713,+1528,17,+0771,+1558
0,+097159,+2848,+0317,+2977,30-Oct-2016,13:07:52,2016/10/30,18:07:48,+0366053358,-0974881106,+00250559,03,5,+1909,008158,13,+0612,011601,8,+0716,+1518,17,+0770,+1558
0,+097166,+2843,+0317,+2981,30-Oct-2016,13:07:53,2016/10/30,18:07:49,+0366053741,-0974881436,+00247699,04,5,+1916,008125,13,+1510,008026,8,+0718,+1511,17,+0770,+1557
0,+097179,+2846,+0315,+2981,30-Oct-2016,13:07:54,2016/10/30,18:07:50,+0366054158,-0974881958,+00246347,04,5,+1914,008134,13,+1510,008023,8,+0722,+1504,17,+0769,+1559
0,+097202,+2845,+0313,+2981,30-Oct-2016,13:07:55,2016/10/30,18:07:51,+0366054343,-0974882401,+00247188,04,5,+1921,008101,13,+1510,008026,8,+0726,+1496,17,+0769,+1559
0,+097227,+2847,+0312,+2981,30-Oct-2016,13:07:56,2016/10/30,18:07:52,+0366054353,-0974882743,+00249799,04,5,+1919,008112,13,+1506,008038,8,+0728,+1492,17,+0770,+1557
0,+097256,+2846,+0311,+2989,30-Oct-2016,13:07:57,2016/10/30,18:07:53,+0366054465,-0974882948,+00251384,04,5,+1917,008119,13,+1508,008030,8,+0731,+1488,17,+0773,+1554
0,+097287,+2849,+0311,+2985,30-Oct-2016,13:07:58,2016/10/30,18:07:54,+0366054558,-0974883178,+00248782,04,5,+1919,008113,13,+1508,008031,8,+0733,+1483,17,+0775,+1550
0,+097324,+2848,+0312,+2989,30-Oct-2016,13:07:59,2016/10/30,18:07:55,+0366054687,-0974883180,+00249939,04,5,+1918,008118,13,+1512,008019,8,+0736,+1483,17,+0777,+1548
0,+097340,+2849,+0312,+2989,30-Oct-2016,13:08:00,2016/10/30,18:07:56,+0366054876,-0974883419,+00251627,04,5,+1914,008137,13,+1514,008013,8,+0736,+1485,17,+0777,+1548
0,+097373,+2849,+0314,+2985,30-Oct-2016,13:08:01,2016/10/30,18:07:57,+0366055056,-0974883295,+00255674,04,5,+1918,008115,13,+1512,008017,8,+0736,+1483,17,+0779,+1548
0,+097402,+2848,+0313,+2989,30-Oct-2016,13:08:02,2016/10/30,18:07:58,+0366055270,-0974883616,+00257514,03,5,+1920,008105,13,+1508,008030,8,+0737,+1480,17,+0780,+1547
0,+097430,+2850,+0313,+2989,30-Oct-2016,13:08:03,2016/10/30,18:07:59,+0366055512,-0974883872,+00263925,03,5,+1924,008089,13,+1513,008015,8,+0739,+1478,17,+0780,+1546
0,+097471,+2851,+0313,+2994,30-Oct-2016,13:08:04,2016/10/30,18:08:00,+0366055640,-0974884045,+00263923,00,5,+1924,008086,13,+1521,007990,8,+0740,+1476,17,+0780,+1548
0,+097497,+2848,+0310,+2796,30-Oct-2016,13:08:05,2016/10/30,18:08:01,+0366055767,-0974884217,+00263921,00,5,+1923,008093,13,+1516,008005,8,+0741,+1476,17,+0780,+1547
0,+097530,+2850,+0315,+2989,30-Oct-2016,13:08:06,2016/10/30,18:08:02,+0366055941,-0974884296,+00265661,03,5,+1928,008068,13,+1517,008003,8,+0742,+1473,17,+0781,+1547
0,+097556,+2850,+0315,+2994,30-Oct-2016,13:08:07,2016/10/30,18:08:03,+0366055931,-0974883335,+00272672,03,5,+1932,008053,13,+1521,007991,8,+0743,+1471,17,+0781,+1546
0,+097590,+2853,+0316,+2994,30-Oct-2016,13:08:08,2016/10/30,18:08:04,+0366055876,-0974883348,+00280599,04,5,+1931,008056,13,+1521,007990,8,+0744,+1470,17,+0782,+1547
0,+097618,+2849,+0314,+2801,30-Oct-2016,13:08:09,2016/10/30,18:08:05,+0366055983,-0974883428,+00283155,04,5,+1927,008074,13,+1514,008011,8,+0744,+1471,17,+0781,+1548
0,+097643,+2851,+0317,+2998,30-Oct-2016,13:08:10,2016/10/30,18:08:06,+0366055556,-0974884144,+00277910,04,5,+1928,008071,13,+1531,007959,8,+0745,+1471,17,+0782,+1548
0,+097670,+2853,+0314,+2796,30-Oct-2016,13:08:11,2016/10/30,18:08:07,+0366055596,-0974884341,+00279855,04,5,+1920,008110,13,+1520,007993,8,+0745,+1470,17,+0782,+1546
0,+097700,+2849,+0314,+2801,30-Oct-2016,13:08:12,7347/07/10,30:18:08,-0779084859,-0462283260,+72104960,06,5,+1921,008102,13,+1525,007978,8,+0745,+1470,17,+0783,+1543
0,+097739,+2852,+0314,+2796,30-Oct-2016,13:08:13,2016/10/30,18:08:09,+0366055763,-0974884091,+00275459,03,5,+1929,008065,13,+1524,007979,8,+0745,+1470,17,+0783,+1543
0,+097758,+2851,+0313,+2998,30-Oct-2016,13:08:14,2016/10/30,18:08:10,+0366055859,-0974884207,+00269437,03,5,+1931,008055,13,+1524,007982,8,+0745,+1471,17,+0783,+1544
0,+097801,+2852,+0310,+2801,30-Oct-2016,13:08:15,2016/10/30,18:08:11,+0366055892,-0974884187,+00266497,03,5,+1930,008061,13,+1526,007972,8,+0745,+1471,17,+0784,+1543
0,+097833,+2854,+0311,+2801,30-Oct-2016,13:08:16,2016/10/30,18:08:12,+0366055927,-0974883763,+00266888,03,5,+1932,008050,13,+1530,007962,8,+0745,+1471,17,+0785,+1543
0,+097862,+2853,+0311,+2796,30-Oct-2016,13:08:17,2016/10/30,18:08:13,-0778983995,-0462027517,+68173056,06,5,+1934,008041,13,+1535,007945,8,+0745,+1473,17,+0785,+1541
0,+097887,+2854,+0310,+2796,30-Oct-2016,13:08:18,2016/10/30,18:08:14,+0366055828,-0974883019,+68111693,03,5,+1938,008024,13,+1539,007933,8,+0745,+1474,17,+0786,+1539
0,+097927,+2853,+0314,+2796,30-Oct-2016,13:08:19,2016/10/30,18:08:15,+0366056008,-0974880717,+00272303,04,5,+1936,008029,13,+1542,007924,8,+0744,+1474,17,+0786,+1539
0,+097957,+2855,+0314,+2801,30-Oct-2016,13:08:20,2016/10/30,18:08:16,+0366056058,-0974880111,+00273320,04,5,+1942,008002,13,+1545,007914,8,+0744,+1477,17,+0788,+1537
0,+097989,+2855,+0313,+2801,30-Oct-2016,13:08:21,2016/10/30,18:08:17,+0366056059,-0974879569,+00273907,04,5,+1940,008011,13,+1543,007920,8,+0744,+1477,17,+0789,+1539
0,+098015,+2855,+0313,+2801,30-Oct-2016,13:08:22,2016/10/30,18:08:18,+0366056014,-0974879128,+00273798,04,5,+1942,008003,13,+1548,007905,8,+0744,+1478,17,+0788,+1544
0,+098045,+2856,+0314,+2805,30-Oct-2016,13:08:23,2016/10/30,18:08:19,+0366055854,-0974878706,+00273944,04,5,+1943,007997,13,+1552,007893,8,+0744,+1481,17,+0788,+1541
0,+098074,+2854,+0314,+2805,30-Oct-2016,13:08:24,2016/10/30,18:08:20,+0366055841,-0974878258,+00274242,04,5,+1945,007989,13,+1553,007887,8,+0743,+1484,17,+0788,+1541
0,+098106,+2856,+0313,+2805,30-Oct-2016,13:08:25,2016/10/30,18:08:21,+0366055814,-0974877386,+00270831,03,5,+1947,007982,13,+1557,007877,8,+0743,+1487,17,+0788,+1541
0,+098134,+2856,+0313,+2809,30-Oct-2016,13:08:26,2016/10/30,18:08:22,+0366055739,-0974876706,+00267138,03,5,+1945,007988,13,+1561,007863,8,+0741,+1488,17,+0788,+1540
0,+098170,+2856,+0313,+2809,30-Oct-2016,13:08:27,2016/10/30,18:08:23,+0366055750,-0974876043,+00266052,03,5,+1947,007978,13,+1556,007878,8,+0740,+1490,17,+0788,+1541
0,+098194,+2855,+0312,+2805,30-Oct-2016,13:08:28,2016/10/30,18:08:24,+0366055607,-0974875529,+00265628,03,5,+1947,007981,13,+1559,007869,8,+0739,+1490,17,+0787,+1541
0,+098226,+2855,+0312,+2809,30-Oct-2016,13:08:29,2016/10/30,18:08:25,+0366055360,-0974875256,+00265125,03,5,+1949,007969,13,+1558,007871,8,+0739,+1491,17,+0786,+1543
0,+098259,+2857,+0312,+2813,30-Oct-2016,13:08:30,2016/10/30,18:08:26,+0366055297,-0974874831,+00264731,03,5,+1951,007962,13,+1563,007858,8,+0738,+1494,17,+0787,+1543
0,+098294,+2857,+0312,+2813,30-Oct-2016,13:08:31,2016/10/30,18:08:27,+0366055029,-0974874812,+00267418,04,5,+1956,007938,13,+1568,007840,8,+0738,+1496,17,+0787,+1544
0,+098308,+2856,+0312,+2805,30-Oct-2016,13:08:32,2016/10/30,18:08:28,+0366055701,-0974873574,+00266381,04,5,+1953,007950,13,+1572,007830,8,+0737,+1498,17,+0787,+1546
0,+098332,+2857,+0312,+2813,30-Oct-2016,13:08:33,2016/10/30,18:08:29,+0366055474,-0974873227,+00267173,04,5,+1956,007939,13,+1562,007859,8,+0736,+1500,17,+0786,+1548
0,+098334,+2853,+0312,+2813,30-Oct-2016,13:08:34,2016/10/30,18:08:30,+0366055424,-0974872782,+00267716,04,5,+1956,007940,13,+1567,007845,8,+0736,+1502,17,+0784,+1557
0,+098357,+2857,+0311,+2813,30-Oct-2016,13:08:35,2016/10/30,18:08:31,+0366055466,-0974872220,+00267817,04,5,+1962,007908,13,+1566,007847,8,+0736,+1504,17,+0781,+1562
0,+098368,+2852,+0308,+2813,30-Oct-2016,13:08:36,2016/10/30,18:08:32,+0366055425,-0974872284,+00268488,04,5,+1967,007889,13,+0000,000000,8,+0735,+1509,17,+0779,+1567
0,+098346,+2855,+0306,+2818,30-Oct-2016,13:08:37,2016/10/30,18:08:33,+0366055430,-0974872379,+00268761,04,5,+1968,007880,13,+1543,007918,8,+0732,+1517,17,+0775,+1579
0,+098329,+2859,+0305,+2818,30-Oct-2016,13:08:38,7347/07/10,30:18:08,-0779011387,-0459137276,+68819712,06,5,+1964,007901,13,+0632,011502,8,+0729,+1524,17,+0770,+1586
0,+098305,+2857,+0305,+2813,30-Oct-2016,13:08:39,2016/10/30,18:08:35,+0366055664,-0974871851,+00267310,03,5,+1963,007907,13,+1538,007937,8,+0726,+1527,17,+0768,+1584
0,+098272,+2855,+0305,+2818,30-Oct-2016,13:08:40,2016/10/30,18:08:36,+0366055744,-0974871810,+00266012,04,5,+1964,007899,13,+1543,007921,8,+0726,+1528,17,+0770,+1586
0,+098221,+2857,+0306,+2818,30-Oct-2016,13:08:41,2016/10/30,18:08:37,+0366055773,-0974870854,+00263183,04,5,+1952,007955,13,+1551,007896,8,+0727,+1529,17,+0770,+1587
0,+098174,+2857,+0306,+2818,30-Oct-2016,13:08:42,7347/07/10,30:18:08,-0779071803,-0458788092,+67543552,06,5,+1945,007988,13,+1540,007930,8,+0723,+1529,17,+0767,+1586
0,+098129,+2857,+0307,+2818,30-Oct-2016,13:08:43,2016/10/30,18:08:39,+0366055469,-0974870662,+00262508,03,5,+1942,008002,13,+1532,007953,8,+0722,+1528,17,+0766,+1584
0,+098079,+2858,+0307,+2822,30-Oct-2016,13:08:44,2016/10/30,18:08:40,+0366054550,-0974872669,+00261283,04,5,+1940,008013,13,+1525,007975,8,+0722,+1528,17,+0766,+1584
0,+098026,+2859,+0307,+2822,30-Oct-2016,13:08:45,2016/10/30,18:08:41,+0366054036,-0974872845,+00259661,04,5,+1939,008016,13,+1522,007987,8,+0721,+1528,17,+0766,+1583
0,+097981,+2860,+0308,+2818,30-Oct-2016,13:08:46,2016/10/30,18:08:42,+0366053895,-0974872849,+00258705,04,5,+1942,008003,13,+1519,007996,8,+0721,+1527,17,+0767,+1580
0,+097933,+2860,+0308,+2822,30-Oct-2016,13:08:47,2016/10/30,18:08:43,-0779597115,-0459190269,+65935360,06,5,+1937,008028,13,+1511,008021,8,+0721,+1525,17,+0767,+1577
0,+097874,+2859,+0308,+2822,30-Oct-2016,13:08:48,2016/10/30,18:08:44,+0366052997,-0974871724,+00258342,03,5,+1938,008024,13,+1508,008030,8,+0721,+1527,17,+0768,+1576
0,+097821,+2857,+0308,+2826,30-Oct-2016,13:08:49,2016/10/30,18:08:45,+0366052576,-0974871016,+00258547,03,5,+1939,008017,13,+1504,008043,8,+0721,+1524,17,+0769,+1574
0,+097767,+2860,+0308,+2831,30-Oct-2016,13:08:50,2016/10/30,18:08:46,+0366052251,-0974870293,+00259350,03,5,+1932,008050,13,+1502,008050,8,+0721,+1524,17,+0770,+1573
0,+097717,+2860,+0308,+2826,30-Oct-2016,13:08:51,2016/10/30,18:08:47,+0366051712,-0974869278,+00259844,03,5,+1928,008070,13,+1498,008063,8,+0721,+1524,17,+0770,+1570
0,+097664,+2859,+0307,+2826,30-Oct-2016,13:08:52,2016/10/30,18:08:48,+0366051254,-0974868659,+00260515,03,5,+1930,008059,13,+1498,008063,8,+0723,+1524,17,+0771,+1570
0,+097614,+2859,+0307,+2831,30-Oct-2016,13:08:53,2016/10/30,18:08:49,+0366050668,-0974867570,+00260614,03,5,+1926,008080,13,+1488,008097,8,+0721,+1522,17,+0771,+1567
0,+097550,+2859,+0305,+2822,30-Oct-2016,13:08:54,2016/10/30,18:08:50,+0366050165,-0974866487,+00261608,03,5,+1925,008082,13,+1484,008108,8,+0721,+1522,17,+0772,+1565
0,+097507,+2861,+0314,+2831,30-Oct-2016,13:08:55,2016/10/30,30:18:08,-0780549691,-0457543421,+67077376,06,5,+1918,008115,13,+1482,008115,8,+0721,+1521,17,+0772,+1563
0,+097449,+2860,+0313,+2826,30-Oct-2016,13:08:56,2016/10/30,18:08:52,+0366049031,-0974864826,+00262263,03,5,+1917,008122,13,+1476,008134,8,+0721,+1520,17,+0773,+1559
0,+097400,+2860,+0312,+2822,30-Oct-2016,13:08:57,2016/10/30,18:08:53,+0366048976,-0974864297,+00267164,04,5,+1916,008125,13,+1474,008141,8,+0721,+1521,17,+0774,+1558
0,+097349,+2863,+0312,+2826,30-Oct-2016,13:08:58,2016/10/30,18:08:54,+0366048657,-0974863342,+00267223,04,5,+1915,008129,13,+1469,008158,8,+0721,+1518,17,+0775,+1554
0,+097290,+2860,+0312,+2826,30-Oct-2016,13:08:59,2016/10/30,18:18:08,-0780926779,-0456686844,+68704512,06,5,+1911,008150,13,+1465,008171,8,+0721,+1515,17,+0776,+1553
0,+097248,+2862,+0311,+2831,30-Oct-2016,13:09:00,2016/10/30,18:08:56,+0366047907,-0974861771,+00268816,04,5,+1907,008168,13,+0579,011760,8,+0722,+1515,17,+0777,+1550
0,+097210,+2862,+0313,+2835,30-Oct-2016,13:09:01,2016/10/30,18:08:57,+0366047610,-0974860780,+00269104,04,5,+1901,008197,13,+1481,008118,8,+0722,+1514,17,+0777,+1547
0,+097186,+2863,+0314,+2835,30-Oct-2016,13:09:02,2016/10/30,18:08:58,+0366047780,-0974860307,+00269538,04,5,+1899,008210,13,+1497,008065,8,+0723,+1513,17,+0778,+1547
0,+097166,+2860,+0311,+2839,30-Oct-2016,13:09:03,2016/10/30,18:08:59,+0366047940,-0974860022,+00270183,04,5,+1894,008232,13,+1506,008037,8,+0724,+1510,17,+0778,+1546
0,+097167,+2864,+0309,+2835,30-Oct-2016,13:09:04,2016/10/30,18:09:00,+0366048008,-0974859651,+00270626,04,5,+1266,011807,13,+1509,008029,8,+0724,+1511,17,+0778,+1546
0,+097163,+2863,+0308,+2835,30-Oct-2016,13:09:05,2016/10/30,18:09:01,+0366048229,-0974859468,+00271252,04,5,+1907,008167,13,+1510,008023,8,+0723,+1511,17,+0778,+1544
0,+097176,+2865,+0315,+2839,30-Oct-2016,13:09:06,2016/10/30,18:09:02,+0366048230,-0974859619,+00273567,03,5,+1913,008141,13,+1514,008012,8,+0723,+1513,17,+0779,+1544
0,+097200,+2862,+0315,+2839,30-Oct-2016,13:09:07,2016/10/30,18:09:03,-0780952123,-0455856893,+69961472,06,5,+1918,008116,13,+1514,008012,8,+0722,+1515,17,+0779,+1544
0,+097225,+2861,+0312,+2844,30-Oct-2016,13:09:08,2016/10/30,18:09:04,+0366048071,-0974859118,+00273646,03,5,+1923,008094,13,+1510,008024,8,+0721,+1520,17,+0779,+1543
0,+097257,+2862,+0313,+2839,30-Oct-2016,13:09:09,2016/10/30,18:09:05,+0366048001,-0974859024,+00272663,03,5,+1926,008079,13,+1512,008020,8,+0721,+1517,17,+0780,+1544
0,+097284,+2863,+0313,+2844,30-Oct-2016,13:09:10,2016/10/30,18:09:06,+0366047828,-0974858793,+00271243,03,5,+1922,008098,13,+1516,008006,8,+0722,+1513,17,+0780,+1544
0,+097319,+2863,+0311,+2848,30-Oct-2016,13:09:11,2016/10/30,18:09:07,+0366048350,-0974859135,+00281131,04,5,+1920,008107,13,+1517,008003,8,+0724,+1510,17,+0780,+1544
0,+097342,+2865,+0311,+2848,30-Oct-2016,13:09:12,2016/10/30,18:09:08,+0366048655,-0974859036,+00275320,03,5,+1921,008100,13,+1518,007998,8,+0726,+1509,17,+0780,+1544
0,+097365,+2864,+0315,+2852,30-Oct-2016,13:09:13,2016/10/30,18:09:09,+0366048855,-0974859121,+00271742,03,5,+1921,008104,13,+1518,007998,8,+0727,+1507,17,+0780,+1544
0,+097403,+2866,+0311,+2844,30-Oct-2016,13:09:14,2016/10/30,18:09:10,+0366049155,-0974859373,+00270603,03,5,+1921,008102,13,+1523,007982,8,+0728,+1506,17,+0780,+1544
0,+097420,+2867,+0311,+2848,30-Oct-2016,13:09:15,2016/10/30,18:09:11,+0366049553,-0974859735,+00269711,03,5,+1922,008099,13,+1522,007987,8,+0728,+1504,17,+0780,+1546
0,+097458,+2865,+0311,+2848,30-Oct-2016,13:09:16,2016/10/30,18:09:12,+0366049771,-0974860017,+00268716,03,5,+1920,008105,13,+1523,007983,8,+0729,+1504,17,+0780,+1547
0,+097492,+2866,+0311,+2852,30-Oct-2016,13:09:17,2016/10/30,18:09:13,-0774800627,-0974860508,+68552448,03,5,+1923,008092,13,+1525,007976,8,+0730,+1504,17,+0780,+1548
0,+097511,+2867,+0311,+2848,30-Oct-2016,13:09:18,2016/10/30,18:09:14,+0366050460,-0974860892,+00268396,04,5,+1924,008088,13,+1529,007966,8,+0730,+1504,17,+0780,+1548
0,+097548,+2866,+0311,+2852,30-Oct-2016,13:09:19,2016/10/30,18:09:15,+0366050889,-0974861356,+00270481,04,5,+1923,008091,13,+1527,007971,8,+0731,+1503,17,+0779,+1550
0,+097575,+2864,+0312,+2856,30-Oct-2016,13:09:20,2016/10/30,18:09:16,-0780112699,-0456546300,+69368320,06,5,+1926,008078,13,+1529,007965,8,+0731,+1503,17,+0779,+1551
0,+097610,+2864,+0311,+2856,30-Oct-2016,13:09:21,2016/10/30,18:09:17,+0366051712,-0974862287,+00269027,04,5,+1926,008078,13,+1526,007973,8,+0731,+1503,17,+0779,+1553
0,+097634,+2865,+0315,+2861,30-Oct-2016,13:09:22,2016/10/30,18:09:18,+0366052130,-0974862747,+00269032,04,5,+1930,008061,13,+1529,007965,8,+0731,+1503,17,+0778,+1554
0,+097674,+2866,+0315,+2861,30-Oct-2016,13:09:23,2016/10/30,18:09:19,+0366052288,-0974862757,+00268546,04,5,+1931,008053,13,+1532,007956,8,+0732,+1504,17,+0778,+1554
0,+097702,+2866,+0313,+2856,30-Oct-2016,13:09:24,2016/10/30,18:09:20,+0366052304,-0974862938,+00267951,04,5,+1932,008049,13,+1531,007958,8,+0732,+1504,17,+0778,+1557
0,+097732,+2867,+0312,+2861,30-Oct-2016,13:09:25,2016/10/30,18:09:21,+0366052625,-0974863436,+00267987,04,5,+1934,008041,13,+1540,007929,8,+0732,+1504,17,+0778,+1558
0,+097769,+2866,+0310,+2796,30-Oct-2016,13:09:26,2016/10/30,18:09:22,+0366052770,-0974863805,+00267851,04,5,+1935,008036,13,+1537,007939,8,+0732,+1504,17,+0778,+1562
0,+097795,+2865,+0311,+2861,30-Oct-2016,13:09:27,2016/10/30,18:09:23,+0366052953,-0974864184,+00267054,04,5,+1937,008026,13,+1542,007924,8,+0733,+1504,17,+0778,+1559
0,+097826,+2866,+0310,+2796,30-Oct-2016,13:09:28,2016/10/30,18:09:24,+0366053463,-0974864730,+00266781,04,5,+1940,008014,13,+1547,007907,8,+0733,+1506,17,+0778,+1562
0,+097853,+2865,+0311,+2796,30-Oct-2016,13:09:29,2016/10/30,18:09:25,+0366053823,-0974865081,+00266718,04,5,+1939,008017,13,+1542,007922,8,+0732,+1509,17,+0777,+1565
0,+097887,+2868,+0311,+2796,30-Oct-2016,13:09:30,2016/10/30,18:09:26,+0366054264,-0974865286,+00265433,03,5,+1937,008029,13,+1541,007926,8,+0731,+1509,17,+0775,+1566
0,+097913,+2868,+0311,+2796,30-Oct-2016,13:09:31,2016/10/30,18:09:27,+0366054550,-0974865611,+00265427,00,5,+1938,008020,13,+1538,007935,8,+0730,+1510,17,+0774,+1567
0,+097945,+2866,+0311,+2801,30-Oct-2016,13:09:32,2016/10/30,18:09:28,+0366054835,-0974865936,+00265421,00,5,+1936,008033,13,+1537,007938,8,+0730,+1510,17,+0773,+1569
0,+097980,+2868,+0310,+2801,30-Oct-2016,13:09:33,2016/10/30,18:09:29,-0779169595,-0974866260,+67946240,00,5,+1938,008024,13,+1539,007932,8,+0730,+1510,17,+0772,+1570
0,+098012,+2867,+0304,+2801,30-Oct-2016,13:09:34,2016/10/30,18:09:30,+0366055406,-0974866585,+67374273,00,5,+1296,011606,13,+1539,007933,8,+0729,+1511,17,+0771,+1572
0,+098040,+2868,+0304,+2805,30-Oct-2016,13:09:35,2016/10/30,18:09:31,+0366055691,-0974866910,+00265403,00,5,+1939,008016,13,+1539,007934,8,+0729,+1513,17,+0770,+1572
0,+098069,+2868,+0304,+2801,30-Oct-2016,13:09:36,2016/10/30,18:09:32,+0366055796,-0974866753,+00259549,04,5,+1943,008000,13,+1540,007928,8,+0729,+1514,17,+0770,+1574
0,+098102,+2866,+0303,+2801,30-Oct-2016,13:09:37,2016/10/30,18:09:33,+0366055963,-0974866881,+00257797,03,5,+1942,008004,13,+1543,007919,8,+0729,+1514,17,+0770,+1576
0,+098137,+2869,+0304,+2805,30-Oct-2016,13:09:38,2016/10/30,18:09:34,+0366055927,-0974866429,+00255369,03,5,+1942,008003,13,+1551,007895,8,+0728,+1515,17,+0770,+1577
0,+098160,+2868,+0303,+2809,30-Oct-2016,13:09:39,2016/10/30,18:09:35,+0366055880,-0974866374,+00253208,03,5,+1948,007973,13,+1547,007908,8,+0728,+1515,17,+0769,+1579
0,+098193,+2868,+0304,+2809,30-Oct-2016,13:09:40,2016/10/30,18:09:36,+0366055509,-0974865904,+00249003,03,5,+1949,007970,13,+1553,007889,8,+0729,+1514,17,+0769,+1579
0,+098219,+2868,+0303,+2813,30-Oct-2016,13:09:41,2016/10/30,18:09:37,+0366055587,-0974866301,+00248717,03,5,+1951,007959,13,+1557,007876,8,+0731,+1515,17,+0770,+1580
0,+098258,+2868,+0304,+2809,30-Oct-2016,13:09:42,7347/07/10,30:18:09,-0778787387,-0457521660,+62793728,06,5,+1956,007937,13,+1563,007856,8,+0732,+1520,17,+0771,+1586
0,+098285,+2866,+0304,+2818,30-Oct-2016,13:09:43,2016/10/30,18:09:39,+0366056794,-0974865664,+00242137,04,5,+1954,007945,13,+1560,007866,8,+0730,+1520,17,+0769,+1587
0,+098319,+2869,+0311,+2818,30-Oct-2016,13:09:44,2016/10/30,18:09:40,+0366056955,-0974866352,+00242182,04,5,+1957,007935,13,+1564,007853,8,+0730,+1521,17,+0768,+1587
0,+098335,+2870,+0311,+2818,30-Oct-2016,13:09:45,2016/10/30,18:09:41,+0366057126,-0974867096,+00242140,04,5,+1959,007922,13,+1573,007825,8,+0732,+1522,17,+0770,+1587
0,+098349,+2869,+0313,+2822,30-Oct-2016,13:09:46,2016/10/30,18:09:42,+0366057268,-0974867468,+00242062,04,5,+1972,007866,13,+1581,007799,8,+0735,+1528,17,+0773,+1594
0,+098361,+2869,+0314,+2822,30-Oct-2016,13:09:47,2016/10/30,18:09:43,+0366057299,-0974867732,+00241484,04,5,+1968,007881,13,+1593,007763,8,+0732,+1529,17,+0770,+1595
0,+098355,+2867,+0310,+2822,30-Oct-2016,13:09:48,2016/10/30,18:09:44,+0366057449,-0974867830,+00243876,03,5,+1960,007917,13,+1595,007758,8,+0728,+1542,17,+0768,+1602
0,+098343,+2870,+0311,+2818,30-Oct-2016,13:09:49,2016/10/30,18:09:45,+0366057503,-0974868047,+00247308,03,5,+1962,007912,13,+1594,007761,8,+0724,+1546,17,+0767,+1608
0,+098321,+2868,+0312,+2822,30-Oct-2016,13:09:50,2016/10/30,18:09:46,+0366057503,-0974868298,+00248895,03,5,+1960,007917,13,+1593,007763,8,+0724,+1546,17,+0765,+1611
0,+098298,+2870,+0313,+2822,30-Oct-2016,13:09:51,2016/10/30,18:09:47,+0366057487,-0974868204,+00248678,03,5,+1958,007926,13,+1595,007756,8,+0725,+1545,17,+0764,+1612
0,+098251,+2870,+0305,+2818,30-Oct-2016,13:09:52,2016/10/30,18:09:48,+0366057466,-0974868281,+00245600,04,5,+1949,007971,13,+1578,007809,8,+0722,+1540,17,+0758,+1616
0,+098219,+2870,+0306,+2826,30-Oct-2016,13:09:53,2016/10/30,18:09:49,+0366057565,-0974868899,+00245136,04,5,+1948,007976,13,+1577,007813,8,+0722,+1536,17,+0753,+1622
0,+098180,+2869,+0306,+2826,30-Oct-2016,13:09:54,2016/10/30,18:09:50,+0366057634,-0974869764,+00245440,04,5,+1947,007978,13,+1572,007829,8,+0723,+1533,17,+0750,+1624
0,+098129,+2873,+0305,+2826,30-Oct-2016,13:09:55,2016/10/30,18:09:51,+0366057540,-0974870431,+00245376,04,5,+1947,007981,13,+1571,007833,8,+0724,+1529,17,+0748,+1629
0,+098075,+2872,+0305,+2826,30-Oct-2016,13:09:56,2016/10/30,18:09:52,+0366057608,-0974871648,+00244718,04,5,+1946,007985,13,+1572,007829,8,+0726,+1528,17,+0745,+1634
0,+098026,+2873,+0314,+2831,30-Oct-2016,13:09:57,2016/10/30,18:09:53,+0366057591,-0974872025,+00243419,04,5,+1943,007998,13,+1572,007829,8,+0726,+1527,17,+0744,+1634
0,+097969,+2870,+0314,+2831,30-Oct-2016,13:09:58,2016/10/30,18:09:54,+0366057573,-0974871538,+00243182,04,5,+1939,008016,13,+1568,007840,8,+0727,+1521,17,+0742,+1636
0,+097919,+2874,+0313,+2831,30-Oct-2016,13:09:59,2016/10/30,18:09:55,+0366057770,-0974871796,+00244544,04,5,+1940,008013,13,+1565,007850,8,+0727,+1518,17,+0741,+1638
0,+097862,+2871,+0314,+2835,30-Oct-2016,13:10:00,2016/10/30,18:09:56,-0778528669,-0974871691,+62885888,04,5,+1935,008035,13,+1555,007881,8,+0727,+1517,17,+0738,+1642
0,+097816,+2871,+0314,+2835,30-Oct-2016,13:10:01,2016/10/30,18:09:57,+0366057385,-0974871577,+00247077,04,5,+1934,008043,13,+1549,007899,8,+0728,+1514,17,+0736,+1642
0,+097763,+2873,+0312,+2831,30-Oct-2016,13:10:02,2016/10/30,18:09:58,-0778624315,-0459013884,+63705344,06,5,+1933,008045,13,+1551,007894,8,+0730,+1511,17,+0736,+1642
0,+097713,+2874,+0313,+2839,30-Oct-2016,13:10:03,2016/10/30,18:09:59,+0366057233,-0974871168,+00250889,04,5,+1930,008062,13,+1549,007902,8,+0731,+1507,17,+0735,+1642
0,+097660,+2877,+0311,+2831,30-Oct-2016,13:10:04,2016/10/30,18:10:00,+0366057193,-0974870685,+00253876,04,5,+1290,011647,13,+1548,007904,8,+0732,+1504,17,+0734,+1644
0,+097605,+2874,+0311,+2835,30-Oct-2016,13:10:05,2016/10/30,18:10:01,+0366057136,-0974870283,+00257008,04,5,+1929,008067,13,+1540,007930,8,+0733,+1502,17,+0734,+1642
0,+097550,+2874,+0315,+2839,30-Oct-2016,13:10:06,2016/10/30,18:10:02,+0366057219,-0974869330,+00260574,04,5,+1925,008081,13,+1541,007925,8,+0735,+1498,17,+0735,+1640
0,+097497,+2876,+0314,+2835,30-Oct-2016,13:10:07,2016/10/30,18:10:03,+0366057088,-0974868964,+00264340,04,5,+1926,008078,13,+1542,007923,8,+0736,+1494,17,+0735,+1638
0,+097449,+2877,+0312,+2844,30-Oct-2016,13:10:08,2016/10/30,18:10:04,+0366057040,-0974868460,+00268421,04,5,+1925,008083,13,+1537,007939,8,+0737,+1491,17,+0736,+1638
0,+097392,+2876,+0312,+2844,30-Oct-2016,13:10:09,2016/10/30,18:10:05,+0366056911,-0974868079,+00272421,04,5,+1924,008086,13,+1542,007922,8,+0739,+1488,17,+0736,+1637
0,+097342,+2876,+0305,+2848,30-Oct-2016,13:10:10,2016/10/30,18:10:06,+0366056927,-0974867691,+00276476,04,5,+1920,008107,13,+0632,011500,8,+0740,+1485,17,+0736,+1636
0,+097290,+2876,+0305,+2848,30-Oct-2016,13:10:11,2016/10/30,18:10:07,+0366056914,-0974867204,+00280699,04,5,+1919,008112,13,+1532,007954,8,+0741,+1483,17,+0736,+1634
0,+097241,+2878,+0304,+2844,30-Oct-2016,13:10:12,2016/10/30,18:10:08,+0366056874,-0974866911,+00284946,04,5,+1918,008115,13,+1533,007952,8,+0741,+1478,17,+0736,+1634
0,+097208,+2877,+0303,+2852,30-Oct-2016,13:10:13,2016/10/30,18:10:09,+0366056886,-0974866409,+00289417,04,5,+1917,008123,13,+1533,007950,8,+0741,+1477,17,+0735,+1631
0,+097188,+2878,+0303,+2852,30-Oct-2016,13:10:14,2016/10/30,18:10:10,+0366057030,-0974866102,+00294142,04,5,+1917,008123,13,+1521,007990,8,+0742,+1476,17,+0735,+1636
0,+097168,+2874,+0303,+2852,30-Oct-2016,13:10:15,2016/10/30,18:10:11,+0366057063,-0974865791,+00297464,04,5,+1914,008137,13,+1522,007987,8,+0741,+1480,17,+0734,+1640
0,+097162,+2880,+0302,+2852,30-Oct-2016,13:10:16,2016/10/30,18:10:12,+0366057305,-0974865742,+00300357,04,5,+1908,008163,13,+1524,007981,8,+0738,+1491,17,+0733,+1642
0,+097164,+2880,+0306,+2852,30-Oct-2016,13:10:17,2016/10/30,18:10:13,+0366057624,-0974865654,+00302832,04,5,+1904,008182,13,+1527,007970,8,+0734,+1496,17,+0732,+1640
0,+097175,+2881,+0304,+2856,30-Oct-2016,13:10:18,2016/10/30,18:10:14,+0366057778,-0974865474,+00304651,04,5,+1905,008180,13,+1531,007957,8,+0732,+1500,17,+0732,+1638
0,+097193,+2884,+0304,+2856,30-Oct-2016,13:10:19,2016/10/30,18:10:15,+0366057945,-0974865566,+00306527,04,5,+1905,008178,13,+1522,007987,8,+0731,+1503,17,+0733,+1637
0,+097211,+2879,+0305,+2856,30-Oct-2016,13:10:20,2016/10/30,18:10:16,+0366058063,-0974865564,+00308720,04,5,+1905,008179,13,+1507,008033,8,+0730,+1506,17,+0734,+1636
0,+097243,+2882,+0303,+2856,30-Oct-2016,13:10:21,2016/10/30,18:10:17,+0366058131,-0974865724,+00310773,04,5,+1906,008174,13,+1503,008048,8,+0729,+1509,17,+0735,+1633
0,+097262,+2884,+0304,+2861,30-Oct-2016,13:10:22,2016/10/30,18:10:18,+0366058079,-0974866050,+00312535,04,5,+1907,008170,13,+1504,008044,8,+0729,+1509,17,+0737,+1631
0,+097282,+2882,+0305,+2861,30-Oct-2016,13:10:23,2016/10/30,18:10:19,+0366058081,-0974866305,+00315489,04,5,+1907,008171,13,+1522,007986,8,+0728,+1511,17,+0737,+1631
0,+097284,+2882,+0304,+2861,30-Oct-2016,13:10:24,2016/10/30,18:10:20,+0366058128,-0974866471,+00318824,04,5,+1906,008175,13,+1535,007946,8,+0726,+1514,17,+0737,+1633
0,+097287,+2880,+0301,+2861,30-Oct-2016,13:10:25,2016/10/30,18:10:21,+0366058070,-0974863695,+00293587,03,5,+1904,008184,13,+1520,007992,8,+0724,+1513,17,+0736,+1631
0,+097264,+2882,+0303,+2861,30-Oct-2016,13:10:26,2016/10/30,18:10:22,+0366058244,-0974863077,+00283717,03,5,+1903,008186,13,+1513,008016,8,+0725,+1507,17,+0736,+1631
0,+097250,+2883,+0303,+2934,30-Oct-2016,13:10:27,2016/10/30,18:10:23,+0366058203,-0974862417,+00280694,03,5,+1902,008191,13,+1512,008017,8,+0728,+1502,17,+0735,+1631
0,+097252,+2885,+0304,+2934,30-Oct-2016,13:10:28,2016/10/30,18:10:24,+0366058302,-0974862063,+00279246,03,5,+1905,008179,13,+1510,008025,8,+0730,+1492,17,+0737,+1624
0,+097250,+2885,+0306,+2934,30-Oct-2016,13:10:29,2016/10/30,18:10:25,+0366058474,-0974861558,+00277346,03,5,+1899,008207,13,+1519,007995,8,+0732,+1491,17,+0739,+1618
0,+097257,+2885,+0304,+2934,30-Oct-2016,13:10:30,2016/10/30,18:10:26,+0366058589,-0974860994,+00275802,03,5,+1900,008202,13,+1504,008045,8,+0732,+1492,17,+0740,+1619
0,+097257,+2883,+0306,+2938,30-Oct-2016,13:10:31,2016/10/30,18:10:27,+0366058702,-0974860663,+00273886,03,5,+1901,008198,13,+1518,007998,8,+0731,+1498,17,+0740,+1620
0,+097266,+2883,+0312,+2938,30-Oct-2016,13:10:32,2016/10/30,18:10:28,+0366058661,-0974860391,+00271180,03,5,+1903,008189,13,+1509,008027,8,+0729,+1500,17,+0739,+1620
0,+097272,+2883,+0313,+2942,30-Oct-2016,13:10:33,2016/10/30,18:10:29,+0366058656,-0974860177,+00269495,03,5,+1902,008193,13,+1516,008007,8,+0730,+1492,17,+0739,+1620
0,+097306,+2884,+0313,+2942,30-Oct-2016,13:10:34,2016/10/30,18:10:30,+0366058656,-0974860099,+00266966,03,5,+1908,008165,13,+1521,007989,8,+0732,+1490,17,+0743,+1611
0,+097344,+2886,+0312,+2946,30-Oct-2016,13:10:35,2016/10/30,18:10:31,+0366058575,-0974860063,+00266965,00,5,+1907,008172,13,+1529,007965,8,+0734,+1490,17,+0748,+1601
0,+097377,+2887,+0314,+2938,30-Oct-2016,13:10:36,2016/10/30,18:10:32,-0778268987,-0456032508,+69534208,04,5,+1903,008189,13,+1509,008027,8,+0735,+1488,17,+0751,+1595
0,+097403,+2888,+0316,+2942,30-Oct-2016,13:10:37,2016/10/30,18:10:33,+0366058944,-0974860127,+00275231,04,5,+1903,008186,13,+1489,008094,8,+0735,+1490,17,+0753,+1595
0,+097430,+2886,+0312,+2946,30-Oct-2016,13:10:38,2016/10/30,18:10:34,+0366059409,-0974859719,+00275654,04,5,+1273,011757,13,+1487,008098,8,+0735,+1491,17,+0751,+1601
0,+097458,+2889,+0314,+2951,30-Oct-2016,13:10:39,2016/10/30,18:10:35,+0366059405,-0974860196,+00276347,04,5,+1908,008166,13,+1498,008063,8,+0734,+1490,17,+0750,+1606
0,+097500,+2889,+0306,+2951,30-Oct-2016,13:10:40,2016/10/30,18:18:10,-0778125371,-0456146941,+69719040,06,5,+1914,008135,13,+1514,008011,8,+0735,+1485,17,+0750,+1602
0,+097530,+2887,+0304,+2946,30-Oct-2016,13:10:41,2016/10/30,18:10:37,+0366059095,-0974860664,+00266723,03,5,+1917,008121,13,+1527,007971,8,+0736,+1488,17,+0752,+1598
0,+097572,+2887,+0307,+2951,30-Oct-2016,13:10:42,2016/10/30,18:10:38,+0366059058,-0974861255,+00265986,03,5,+1913,008142,13,+1533,007953,8,+0734,+1500,17,+0756,+1587
0,+097595,+2884,+0305,+2959,30-Oct-2016,13:10:43,2016/10/30,18:10:39,+0366059174,-0974861485,+00265062,03,5,+1911,008150,13,+1532,007953,8,+0729,+1509,17,+0761,+1580
0,+097623,+2888,+0303,+2951,30-Oct-2016,13:10:44,2016/10/10,30:18:10,-0778116155,-0456450813,+67827712,06,5,+1912,008145,13,+1516,008004,8,+0725,+1515,17,+0765,+1574
0,+097645,+2890,+0304,+2951,30-Oct-2016,13:10:45,2016/10/30,18:10:41,+0366059081,-0974861518,+00267368,04,5,+1913,008141,13,+1511,008023,8,+0724,+1517,17,+0765,+1579
0,+097684,+2891,+0303,+2959,30-Oct-2016,13:10:46,2016/10/30,18:10:42,+0366058943,-0974861359,+00267948,04,5,+1913,008139,13,+1499,008060,8,+0724,+1514,17,+0764,+1580
0,+097711,+2890,+0302,+2959,30-Oct-2016,13:10:47,2016/10/30,18:10:43,+0366058850,-0974861691,+00268148,04,5,+1915,008133,13,+1502,008049,8,+0725,+1511,17,+0765,+1577
0,+097749,+2893,+0302,+2964,30-Oct-2016,13:10:48,2016/10/30,18:10:44,+0366058588,-0974862022,+00267950,04,5,+1928,008069,13,+1530,007960,8,+0725,+1515,17,+0767,+1574
0,+097788,+2892,+0306,+2968,30-Oct-2016,13:10:49,2016/10/30,18:10:45,+0366058588,-0974862435,+00267823,04,5,+1930,008059,13,+1539,007933,8,+0723,+1524,17,+0769,+1570
0,+097818,+2892,+0306,+2972,30-Oct-2016,13:10:50,2016/10/30,18:10:46,+0366058446,-0974862732,+00267446,04,5,+1931,008057,13,+1536,007942,8,+0718,+1536,17,+0770,+1567
0,+097849,+2892,+0305,+2968,30-Oct-2016,13:10:51,2016/10/30,18:10:47,+0366058277,-0974862919,+00267105,04,5,+1928,008071,13,+1531,007958,8,+0713,+1545,17,+0772,+1565
0,+097879,+2892,+0304,+2964,30-Oct-2016,13:10:52,2016/10/30,18:10:48,+0366058118,-0974863041,+00266943,04,5,+1930,008058,13,+1526,007974,8,+0710,+1550,17,+0774,+1563
0,+097925,+2895,+0306,+2968,30-Oct-2016,13:10:53,2016/10/30,18:10:49,+0366057966,-0974862754,+00266986,04,5,+1933,008047,13,+1530,007960,8,+0708,+1558,17,+0776,+1559
0,+097945,+2893,+0307,+2972,30-Oct-2016,13:10:54,2016/10/30,18:10:50,+0366057964,-0974863049,+00266915,04,5,+1930,008059,13,+1537,007938,8,+0704,+1568,17,+0776,+1559
0,+097981,+2894,+0303,+2972,30-Oct-2016,13:10:55,2016/10/30,18:10:51,+0366057960,-0974863438,+00266778,04,5,+1930,008060,13,+1553,007888,8,+0700,+1574,17,+0777,+1559
0,+098013,+2894,+0305,+2977,30-Oct-2016,13:10:56,2016/10/30,18:10:52,+0366057899,-0974863522,+00266407,04,5,+1930,008060,13,+1557,007876,8,+0697,+1581,17,+0778,+1557
0,+098051,+2892,+0307,+2972,30-Oct-2016,13:10:57,2016/10/30,18:10:53,+0366057772,-0974863790,+00265857,04,5,+1930,008058,13,+1562,007861,8,+0694,+1588,17,+0779,+1555
0,+098090,+2896,+0313,+2972,30-Oct-2016,13:10:58,2016/10/30,18:10:54,+0366057648,-0974864021,+00265913,04,5,+1292,011633,13,+1550,007896,8,+0691,+1592,17,+0780,+1554
0,+098116,+2895,+0307,+2977,30-Oct-2016,13:10:59,2016/10/30,18:10:55,+0366057635,-0974864247,+00265773,04,5,+1292,011631,13,+1536,007942,8,+0691,+1590,17,+0780,+1554
0,+098139,+2895,+0307,+2972,30-Oct-2016,13:11:00,2016/10/30,18:10:56,+0366057497,-0974864504,+00265610,04,5,+1936,008032,13,+1536,007941,8,+0692,+1588,17,+0780,+1555
0,+098178,+2894,+0307,+2977,30-Oct-2016,13:11:01,2016/10/30,18:10:57,+0366057372,-0974865005,+00265811,04,5,+1938,008023,13,+1533,007952,8,+0694,+1585,17,+0779,+1566
0,+098205,+2893,+0306,+2977,30-Oct-2016,13:11:02,2016/10/30,18:10:58,+0366057028,-0974864627,+00265505,04,5,+1937,008025,13,+1534,007950,8,+0698,+1579,17,+0775,+1574
0,+098253,+2896,+0305,+2981,30-Oct-2016,13:11:03,2016/10/30,18:10:59,+0366056946,-0974864094,+00264673,04,5,+1934,008043,13,+1528,007967,8,+0700,+1575,17,+0771,+1581
0,+098279,+2894,+0307,+2972,30-Oct-2016,13:11:04,2016/10/30,18:11:00,-0778752827,-0457056032,+67397376,04,5,+1934,008039,13,+1523,007983,8,+0703,+1570,17,+0767,+1587
0,+098312,+2898,+0306,+2981,30-Oct-2016,13:11:05,2016/10/30,18:11:01,+0366056412,-0974863910,+00262382,04,5,+1934,008039,13,+1521,007988,8,+0704,+1568,17,+0764,+1592
0,+098323,+2898,+0304,+2985,30-Oct-2016,13:11:06,2016/10/30,18:11:02,+0366056249,-0974864027,+66970595,04,5,+1934,008041,13,+1528,007967,8,+0705,+1567,17,+0762,+1598
0,+098355,+2899,+0305,+2981,30-Oct-2016,13:11:07,2016/10/30,18:11:03,+0366056089,-0974863779,+00255913,03,5,+1943,007999,13,+1554,007885,8,+0706,+1567,17,+0760,+1602
0,+098373,+2899,+0307,+2981,30-Oct-2016,13:11:08,2016/10/30,18:11:04,+0366056012,-0974864001,+00245642,03,5,+1953,007950,13,+1578,007809,8,+0710,+1571,17,+0762,+1609
0,+098388,+2898,+0308,+2989,30-Oct-2016,13:11:09,2016/10/30,18:11:05,+0366056063,-0974864244,+00244567,03,5,+1952,007957,13,+1577,007812,8,+0707,+1572,17,+0756,+1618
0,+098389,+2896,+0303,+2989,30-Oct-2016,13:11:10,2016/10/30,18:11:06,+0366056192,-0974864440,+62648576,03,5,+1934,008041,13,+1565,007850,8,+0705,+1575,17,+0753,+1623
0,+098398,+2900,+0303,+2989,30-Oct-2016,13:11:11,2016/10/30,18:11:07,+0366056274,-0974864591,+00244693,03,5,+1943,007998,13,+1582,007796,8,+0704,+1579,17,+0750,+1626
0,+098412,+2899,+0303,+2994,30-Oct-2016,13:11:12,7347/07/10,30:18:11,-0778970939,-0457361660,+61413376,06,5,+1943,007999,13,+1587,007782,8,+0702,+1581,17,+0748,+1629
0,+098402,+2901,+0308,+2994,30-Oct-2016,13:11:13,7347/07/10,30:18:11,-0778970939,-0457361660,+61413376,06,5,+1952,007958,13,+1592,007767,8,+0704,+1583,17,+0748,+1633
0,+098409,+2900,+0306,+2998,30-Oct-2016,13:11:14,2016/10/30,18:11:10,+0366055694,-0974865586,+00237861,04,5,+1957,007934,13,+1598,007748,8,+0705,+1585,17,+0749,+1636
0,+098416,+2900,+0305,+2934,30-Oct-2016,13:11:15,2016/10/30,18:11:11,+0366055646,-0974865754,+00237272,04,5,+1955,007945,13,+1584,007791,8,+0703,+1583,17,+0746,+1636
0,+098419,+2903,+0305,+2998,30-Oct-2016,13:11:16,2016/10/30,18:11:12,+0366055613,-0974865881,+00236966,04,5,+1950,007968,13,+1593,007764,8,+0706,+1581,17,+0748,+1634
0,+098433,+2903,+0304,+2938,30-Oct-2016,13:11:17,2016/10/30,18:11:13,-0779079739,-0457602556,+60716032,06,5,+1964,007901,13,+1612,007705,8,+0709,+1581,17,+0751,+1634
0,+098430,+2904,+0304,+2938,30-Oct-2016,13:11:18,2016/10/30,18:11:14,+0366055469,-0974866293,+00237360,04,5,+1965,007897,13,+1612,007707,8,+0710,+1578,17,+0752,+1637
0,+098452,+2898,+0305,+2938,30-Oct-2016,13:11:19,2016/10/30,18:11:15,+0366055571,-0974866392,+00238066,04,5,+1978,007836,13,+1628,007658,8,+0714,+1581,17,+0757,+1644
0,+098442,+2902,+0306,+2942,30-Oct-2016,13:11:20,2016/10/30,18:11:16,+0366055559,-0974866426,+00238824,04,5,+1977,007843,13,+1642,007616,8,+0714,+1583,17,+0757,+1649
0,+098445,+2903,+0302,+2942,30-Oct-2016,13:11:21,2016/10/30,18:11:17,+0366055485,-0974866567,+00239174,04,5,+1984,007810,13,+1645,007604,8,+0716,+1588,17,+0758,+1652
0,+098449,+2902,+0304,+2942,30-Oct-2016,13:11:22,2016/10/30,18:11:18,+0366055390,-0974866820,+00239625,04,5,+1988,007791,13,+1652,007583,8,+0714,+1594,17,+0755,+1655
0,+098463,+2904,+0305,+2942,30-Oct-2016,13:11:23,2016/10/30,18:11:19,+0366055392,-0974866932,+00240071,04,5,+1998,007742,13,+1654,007578,8,+0713,+1600,17,+0756,+1659
0,+098461,+2903,+0312,+2951,30-Oct-2016,13:11:24,2016/10/30,18:11:20,+0366055403,-0974867181,+00240411,04,5,+2003,007723,13,+1678,007505,8,+0714,+1607,17,+0756,+1663
0,+098461,+2903,+0313,+2951,30-Oct-2016,13:11:25,2016/10/30,18:11:21,+0366055484,-0974867364,+00241274,04,5,+2015,007667,13,+1691,007467,8,+0714,+1611,17,+0759,+1668
0,+098458,+2906,+0316,+2951,30-Oct-2016,13:11:26,2016/10/30,18:11:22,+0366055518,-0974867409,+00242553,04,5,+2018,007654,13,+1679,007505,8,+0713,+1612,17,+0761,+1674
0,+098479,+2906,+0312,+2951,30-Oct-2016,13:11:27,2016/10/30,18:11:23,+0366055524,-0974867485,+00242910,04,5,+2006,007708,13,+1678,007507,8,+0712,+1611,17,+0756,+1679
0,+098462,+2905,+0314,+2955,30-Oct-2016,13:11:28,2016/10/30,18:11:24,+0366055544,-0974867493,+00243176,04,5,+1999,007741,13,+1669,007534,8,+0713,+1612,17,+0753,+1685
0,+098455,+2907,+0315,+2959,30-Oct-2016,13:11:29,2016/10/30,18:11:25,+0366055633,-0974867644,+00243448,04,5,+1997,007750,13,+1671,007527,8,+0710,+1611,17,+0748,+1689
0,+098455,+2906,+0316,+2955,30-Oct-2016,13:11:30,2016/10/30,18:11:26,+0366055571,-0974867605,+00244600,04,5,+1998,007746,13,+1669,007534,8,+0711,+1612,17,+0744,+1693
0,+098459,+2906,+0307,+2959,30-Oct-2016,13:11:31,2016/10/30,18:11:27,+0366055593,-0974867531,+00245261,04,5,+1997,007749,13,+1671,007526,8,+0713,+1614,17,+0744,+1700
0,+098460,+2907,+0309,+2955,30-Oct-2016,13:11:32,2016/10/30,18:11:28,+0366055628,-0974867637,+00245699,04,5,+1342,011307,13,+1674,007519,8,+0715,+1614,17,+0747,+1706
0,+098462,+2907,+0310,+2959,30-Oct-2016,13:11:33,2016/10/30,18:11:29,+0366055660,-0974867698,+00246564,04,5,+1997,007748,13,+1682,007494,8,+0715,+1618,17,+0748,+1710
0,+098454,+2907,+0311,+2968,30-Oct-2016,13:11:34,2016/10/30,18:11:30,+0366055751,-0974867914,+00247358,04,5,+2001,007733,13,+1680,007499,8,+0715,+1619,17,+0748,+1714
0,+098461,+2910,+0312,+2968,30-Oct-2016,13:11:35,2016/10/30,18:11:31,+0366055804,-0974868215,+00248084,04,5,+1999,007739,13,+1685,007485,8,+0716,+1622,17,+0745,+1722
0,+098459,+2909,+0313,+2972,30-Oct-2016,13:11:36,2016/10/30,18:11:32,+0366055847,-0974868232,+00248647,04,5,+2001,007730,13,+1687,007481,8,+0715,+1622,17,+0742,+1724
0,+098463,+2911,+0315,+2972,30-Oct-2016,13:11:37,2016/10/30,18:11:33,+0366055886,-0974868382,+00249967,03,5,+1999,007740,13,+1692,007466,8,+0715,+1625,17,+0743,+1729
0,+098462,+2913,+0315,+2972,30-Oct-2016,13:11:38,2016/10/30,18:11:34,+0366055940,-0974868468,+00255189,03,5,+2004,007715,13,+1689,007474,8,+0718,+1626,17,+0746,+1732
0,+098460,+2913,+0317,+2972,30-Oct-2016,13:11:39,2016/10/30,18:11:35,+0366055994,-0974868530,+00257136,03,5,+2000,007736,13,+1690,007470,8,+0721,+1626,17,+0744,+1738
0,+098461,+2912,+0317,+2972,30-Oct-2016,13:11:40,2016/10/30,18:11:36,+0366055995,-0974868505,+00257124,03,5,+2002,007726,13,+1692,007464,8,+0719,+1627,17,+0735,+1742
0,+098461,+2912,+0308,+2977,30-Oct-2016,13:11:41,2016/10/30,18:11:37,+0366055973,-0974868449,+00256912,03,5,+1997,007749,13,+1693,007463,8,+0716,+1629,17,+0736,+1746
0,+098460,+2913,+0309,+2977,30-Oct-2016,13:11:42,2016/10/30,18:11:38,+0366055982,-0974868244,+00252743,04,5,+2004,007715,13,+1692,007466,8,+0713,+1631,17,+0737,+1750
0,+098456,+2912,+0310,+2981,30-Oct-2016,13:11:43,2016/10/30,18:11:39,+0366056034,-0974868079,+00252391,04,5,+2001,007730,13,+1698,007447,8,+0709,+1630,17,+0733,+1753
0,+098459,+2914,+0310,+2985,30-Oct-2016,13:11:44,2016/10/30,18:11:40,+0366056098,-0974868265,+00252447,04,5,+2000,007733,13,+1686,007482,8,+0707,+1630,17,+0727,+1756
0,+098457,+2915,+0312,+2985,30-Oct-2016,13:11:45,2016/10/30,18:11:41,+0366056076,-0974868310,+00252551,04,5,+1347,011276,13,+1693,007463,8,+0711,+1633,17,+0729,+1759
0,+098464,+2915,+0312,+2985,30-Oct-2016,13:11:46,2016/10/30,18:11:42,+0366056184,-0974869006,+00253705,04,5,+2002,007728,13,+1701,007439,8,+0713,+1634,17,+0734,+1763
0,+098458,+2914,+0313,+2989,30-Oct-2016,13:11:47,2016/10/30,18:11:43,+0366056238,-0974868896,+00253382,04,5,+2008,007700,13,+1697,007449,8,+0719,+1636,17,+0735,+1766
0,+098466,+2918,+0314,+2994,30-Oct-2016,13:11:48,2016/10/30,18:11:44,+0366056317,-0974868929,+00253583,04,5,+2005,007712,13,+1702,007437,8,+0715,+1636,17,+0729,+1771
0,+098464,+2917,+0315,+2989,30-Oct-2016,13:11:49,2016/10/30,18:11:45,+0366056357,-0974869094,+00254009,04,5,+2008,007699,13,+1707,007420,8,+0716,+1637,17,+0720,+1773
0,+098461,+2918,+0316,+2998,30-Oct-2016,13:11:50,2016/10/30,18:11:46,+0366056372,-0974868895,+00254185,04,5,+2015,007668,13,+1711,007410,8,+0713,+1638,17,+0717,+1774
0,+098460,+2918,+0317,+2998,30-Oct-2016,13:11:51,2016/10/30,18:11:47,+0366056347,-0974868885,+00254749,04,5,+2010,007691,13,+0746,010964,8,+0708,+1638,17,+0715,+1775
0,+098459,+2919,+0311,+2865,30-Oct-2016,13:11:52,2016/10/30,18:11:48,+0366056377,-0974868920,+00254904,04,5,+2012,007679,13,+1714,007402,8,+0707,+1638,17,+0714,+1777
0,+098451,+2918,+0311,+2865,30-Oct-2016,13:11:53,2016/10/30,18:11:49,+0366056296,-0974868780,+00255312,04,5,+2011,007685,13,+1711,007410,8,+0705,+1638,17,+0705,+1777
0,+098442,+2920,+0312,+2865,30-Oct-2016,13:11:54,2016/10/30,18:11:50,+0366056241,-0974868865,+00255724,04,5,+2014,007671,13,+1690,007471,8,+0705,+1640,17,+0705,+1783
0,+098447,+2920,+0313,+2869,30-Oct-2016,13:11:55,2016/10/30,18:11:51,+0366056117,-0974868966,+00254809,03,5,+2011,007683,13,+0730,011039,8,+0699,+1640,17,+0701,+1777
0,+098448,+2919,+0314,+2869,30-Oct-2016,13:11:56,2016/10/30,18:11:52,+0366055998,-0974869335,+00252378,03,5,+2022,007635,13,+1685,007484,8,+0699,+1642,17,+0699,+1774
0,+098445,+2921,+0315,+2869,30-Oct-2016,13:11:57,2016/10/30,18:11:53,+0366055973,-0974869525,+00255331,03,5,+2012,007680,13,+1697,007450,8,+0697,+1642,17,+0700,+1775
0,+098443,+2922,+0312,+2874,30-Oct-2016,13:11:58,2016/10/30,18:11:54,+0366055925,-0974869791,+00256308,03,5,+2017,007659,13,+1695,007456,8,+0698,+1645,17,+0702,+1777
0,+098443,+2922,+0312,+2878,30-Oct-2016,13:11:59,2016/10/30,18:11:55,+0366055918,-0974870171,+00255288,03,5,+2015,007665,13,+1708,007419,8,+0701,+1646,17,+0706,+1781
0,+098443,+2924,+0314,+2878,30-Oct-2016,13:12:00,2016/10/30,18:11:56,+0366055758,-0974870448,+00254009,04,5,+2016,007662,13,+1709,007415,8,+0702,+1652,17,+0707,+1783
0,+098443,+2925,+0314,+2882,30-Oct-2016,13:12:01,2016/10/30,18:11:57,+0366055739,-0974870595,+00253845,04,5,+2022,007636,13,+1708,007417,8,+0705,+1653,17,+0705,+1779
