Local time, Altitude (m MSL), Altitude (m AGL), Pressure (Pascal), Speed (m/s), Heading (degrees), Temperature (C), Relative humidity (%), Internal temperature (C), Latitude, Longitude, Rise speed (m/s)
14:30:37, 391, 34, 96320, 0.30, 4.90, 10.18, 75.51, 11.0, 34.982852, -97.520747, 0.4
14:30:38, 393, 36, 96298, 0.40, 338.60, 10.18, 75.49, 11.0, 34.982853, -97.520748, 0.5
14:30:39, 394, 37, 96290, 0.40, 344.80, 10.18, 75.46, 11.0, 34.982855, -97.520750, 0.6
14:30:40, 394, 37, 96286, 0.30, 343.80, 10.20, 75.44, 11.0, 34.982855, -97.520750, 0.6
14:30:41, 395, 38, 96274, 0.20, 352.90, 10.20, 75.38, 11.0, 34.982855, -97.520750, 0.7
14:30:42, 395, 38, 96272, 0.10, 324.10, 10.20, 75.35, 11.1, 34.982852, -97.520750, 0.7
14:30:43, 396, 39, 96270, 0.00, 312.90, 10.20, 75.35, 11.1, 34.982852, -97.520750, 0.8
14:30:44, 396, 39, 96264, 0.00, 331.20, 10.20, 75.33, 11.1, 34.982853, -97.520752, 0.8
14:30:45, 396, 39, 96270, 0.00, 224.60, 10.20, 75.30, 11.1, 34.982853, -97.520753, 0.6
14:30:46, 396, 39, 96264, 0.10, 221.00, 10.20, 75.28, 11.1, 34.982853, -97.520755, 0.6
14:30:47, 396, 39, 96262, 0.00, 198.90, 10.20, 75.25, 11.1, 34.982852, -97.520755, 0.6
14:30:48, 397, 40, 96256, 0.00, 213.30, 10.20, 75.22, 11.1, 34.982850, -97.520755, 0.5
14:30:49, 396, 39, 96264, 0.00, 21.40, 10.20, 75.22, 11.2, 34.982847, -97.520757, 0.4
14:30:50, 398, 41, 96246, 0.10, 67.50, 10.22, 75.22, 11.2, 34.982845, -97.520755, 0.5
14:30:51, 398, 41, 96240, 0.00, 324.30, 10.22, 75.20, 11.2, 34.982845, -97.520755, 0.4
14:30:52, 400, 43, 96222, 0.00, 256.00, 10.22, 75.17, 11.2, 34.982843, -97.520755, 0.5
14:30:53, 401, 44, 96208, 0.10, 212.90, 10.22, 75.15, 11.2, 34.982842, -97.520755, 0.5
14:30:54, 401, 44, 96208, 0.30, 240.30, 10.22, 75.12, 11.2, 34.982840, -97.520758, 0.4
14:30:55, 401, 44, 96204, 0.30, 244.50, 10.24, 75.09, 11.2, 34.982837, -97.520762, 0.5
14:30:56, 402, 45, 96190, 0.30, 257.20, 10.24, 75.07, 11.2, 34.982835, -97.520765, 0.5
14:30:57, 403, 46, 96178, 0.30, 275.20, 10.24, 75.07, 11.2, 34.982835, -97.520768, 0.6
14:30:58, 405, 48, 96166, 0.30, 342.10, 10.24, 75.04, 11.2, 34.982838, -97.520768, 0.7
14:30:59, 405, 48, 96162, 0.30, 355.40, 10.26, 75.02, 11.2, 34.982840, -97.520768, 0.7
14:31:00, 406, 49, 96150, 0.20, 24.90, 10.26, 74.99, 11.2, 34.982842, -97.520768, 0.8
14:31:01, 406, 49, 96148, 0.10, 62.70, 10.26, 74.96, 11.3, 34.982845, -97.520767, 0.7
14:31:02, 407, 50, 96142, 0.10, 36.40, 10.28, 74.93, 11.3, 34.982845, -97.520768, 0.8
14:31:03, 406, 49, 96150, 0.00, 224.50, 10.28, 74.91, 11.3, 34.982847, -97.520768, 0.6
14:31:04, 406, 49, 96146, 0.00, 164.90, 10.30, 74.88, 11.3, 34.982847, -97.520767, 0.6
14:31:05, 406, 49, 96146, 0.00, 143.60, 10.30, 74.88, 11.3, 34.982847, -97.520767, 0.5
14:31:06, 406, 49, 96146, 0.00, 101.40, 10.30, 74.86, 11.3, 34.982848, -97.520765, 0.4
14:31:07, 407, 50, 96132, 0.10, 34.70, 10.30, 74.83, 11.3, 34.982848, -97.520765, 0.5
14:31:08, 408, 51, 96128, 0.00, 181.90, 10.32, 74.77, 11.4, 34.982850, -97.520765, 0.5
14:31:09, 409, 52, 96112, 0.00, 89.60, 10.32, 74.75, 11.4, 34.982850, -97.520763, 0.5
14:31:10, 409, 52, 96112, 0.10, 86.10, 10.32, 74.73, 11.4, 34.982852, -97.520762, 0.4
14:31:11, 411, 54, 96096, 0.00, 93.00, 10.32, 74.70, 11.4, 34.982852, -97.520760, 0.5
14:31:12, 411, 54, 96088, 0.00, 110.50, 10.32, 74.67, 11.4, 34.982852, -97.520760, 0.5
14:31:13, 412, 55, 96078, 0.00, 86.00, 10.32, 74.64, 11.4, 34.982852, -97.520758, 0.5
14:31:14, 413, 56, 96066, 0.00, 97.00, 10.32, 74.62, 11.4, 34.982852, -97.520758, 0.6
14:31:15, 414, 57, 96058, 0.10, 82.30, 10.32, 74.59, 11.4, 34.982852, -97.520757, 0.6
14:31:16, 415, 58, 96050, 0.00, 307.30, 10.32, 74.57, 11.4, 34.982852, -97.520755, 0.7
14:31:17, 415, 58, 96048, 0.00, 30.90, 10.32, 74.54, 11.4, 34.982852, -97.520755, 0.7
14:31:18, 416, 59, 96036, 0.00, 27.10, 10.30, 74.51, 11.4, 34.982853, -97.520755, 0.7
14:31:19, 416, 59, 96034, 0.00, 226.30, 10.30, 74.51, 11.4, 34.982853, -97.520755, 0.8
14:31:20, 416, 59, 96036, 0.00, 271.30, 10.30, 74.49, 11.4, 34.982853, -97.520755, 0.6
14:31:21, 416, 59, 96034, 0.00, 175.00, 10.28, 74.49, 11.5, 34.982852, -97.520755, 0.6
14:31:22, 416, 59, 96036, 0.00, 73.90, 10.28, 74.49, 11.5, 34.982852, -97.520755, 0.5
14:31:23, 416, 59, 96038, 0.00, 233.10, 10.28, 74.49, 11.5, 34.982852, -97.520755, 0.5
14:31:24, 417, 60, 96028, 0.00, 284.10, 10.28, 74.49, 11.5, 34.982852, -97.520755, 0.5
14:31:25, 418, 61, 96016, 0.10, 306.00, 10.28, 74.49, 11.5, 34.982850, -97.520757, 0.5
14:31:26, 417, 60, 96018, 0.00, 19.80, 10.28, 74.49, 11.5, 34.982850, -97.520757, 0.4
14:31:27, 419, 62, 96002, 0.00, 73.00, 10.30, 74.51, 11.5, 34.982852, -97.520757, 0.4
14:31:28, 419, 62, 96000, 0.10, 39.20, 10.30, 74.51, 11.5, 34.982855, -97.520755, 0.4
14:31:29, 420, 63, 95986, 0.20, 23.40, 10.30, 74.51, 11.5, 34.982858, -97.520755, 0.4
14:31:30, 421, 64, 95978, 0.20, 51.10, 10.30, 74.49, 11.5, 34.982858, -97.520752, 0.5
14:31:31, 422, 65, 95964, 0.20, 69.40, 10.30, 74.49, 11.5, 34.982858, -97.520750, 0.5
14:31:32, 423, 66, 95954, 0.40, 348.00, 10.30, 74.49, 11.5, 34.982862, -97.520752, 0.5
14:31:33, 424, 67, 95942, 0.30, 350.30, 10.30, 74.49, 11.5, 34.982863, -97.520755, 0.6
14:31:34, 425, 68, 95936, 0.10, 21.00, 10.32, 74.49, 11.6, 34.982865, -97.520753, 0.7
14:31:35, 426, 69, 95922, 0.20, 65.70, 10.32, 74.49, 11.5, 34.982865, -97.520752, 0.8
14:31:36, 426, 69, 95924, 0.10, 89.80, 10.32, 74.46, 11.6, 34.982867, -97.520750, 0.8
14:31:37, 426, 69, 95922, 0.10, 142.30, 10.34, 74.44, 11.6, 34.982865, -97.520750, 0.7
14:31:38, 426, 69, 95920, 0.10, 178.20, 10.34, 74.44, 11.6, 34.982863, -97.520750, 0.6
14:31:39, 426, 69, 95918, 0.00, 172.50, 10.34, 74.45, 11.6, 34.982863, -97.520747, 0.6
14:31:40, 426, 69, 95920, 0.00, 137.30, 10.34, 74.42, 11.6, 34.982863, -97.520745, 0.5
14:31:41, 426, 69, 95918, 0.00, 356.00, 10.36, 74.42, 11.6, 34.982863, -97.520748, 0.5
14:31:42, 426, 69, 95914, 0.10, 47.70, 10.36, 74.39, 11.6, 34.982863, -97.520750, 0.5
14:31:43, 427, 70, 95908, 0.00, 8.60, 10.36, 74.37, 11.7, 34.982863, -97.520757, 0.4
14:31:44, 428, 71, 95894, 0.10, 14.80, 10.36, 74.34, 11.7, 34.982865, -97.520755, 0.4
14:31:46, 430, 73, 95870, 0.10, 36.90, 10.38, 74.29, 11.7, 34.982867, -97.520755, 0.5
14:31:47, 430, 73, 95868, 0.20, 30.20, 10.40, 74.26, 11.7, 34.982867, -97.520753, 0.4
14:31:48, 432, 75, 95856, 0.20, 27.70, 10.40, 74.23, 11.7, 34.982870, -97.520752, 0.5
14:31:49, 433, 76, 95844, 0.20, 16.90, 10.40, 74.21, 11.7, 34.982873, -97.520755, 0.6
14:31:50, 433, 76, 95840, 0.20, 9.80, 10.40, 74.18, 11.7, 34.982875, -97.520757, 0.6
14:31:51, 434, 77, 95830, 0.10, 16.10, 10.40, 74.16, 11.7, 34.982875, -97.520757, 0.6
14:31:53, 435, 78, 95814, 0.20, 5.50, 10.38, 74.10, 11.7, 34.982880, -97.520760, 0.8
14:31:54, 436, 79, 95806, 0.20, 5.30, 10.38, 74.10, 11.7, 34.982882, -97.520760, 0.8
14:31:55, 436, 79, 95810, 0.10, 7.10, 10.40, 74.07, 11.7, 34.982882, -97.520760, 0.7
14:31:56, 436, 79, 95804, 0.00, 6.60, 10.40, 74.05, 11.7, 34.982883, -97.520762, 0.7
14:31:57, 436, 79, 95808, 0.00, 143.60, 10.40, 74.05, 11.8, 34.982883, -97.520760, 0.6
14:31:58, 436, 79, 95806, 0.00, 138.80, 10.40, 74.03, 11.8, 34.982883, -97.520760, 0.5
14:31:59, 437, 80, 95796, 0.10, 110.30, 10.40, 74.03, 11.8, 34.982883, -97.520758, 0.5
14:32:00, 437, 80, 95794, 0.10, 41.00, 10.42, 74.00, 11.8, 34.982883, -97.520755, 0.4
14:32:01, 437, 80, 95790, 0.10, 56.40, 10.42, 74.00, 11.8, 34.982883, -97.520753, 0.4
14:32:02, 439, 82, 95774, 0.00, 102.20, 10.44, 73.97, 11.8, 34.982885, -97.520752, 0.5
14:32:03, 439, 82, 95770, 0.00, 97.90, 10.44, 73.94, 11.8, 34.982885, -97.520752, 0.5
14:32:04, 441, 84, 95750, 0.10, 62.20, 10.46, 73.94, 11.8, 34.982885, -97.520750, 0.5
14:32:05, 441, 84, 95742, 0.20, 51.50, 10.46, 73.89, 11.8, 34.982887, -97.520748, 0.5
14:32:13, 446, 89, 95692, 0.00, 189.30, 10.56, 73.69, 11.8, 34.982895, -97.520745, 0.7
14:32:14, 446, 89, 95694, 0.00, 228.10, 10.58, 73.69, 11.9, 34.982895, -97.520747, 0.5
14:32:15, 445, 88, 95702, 0.00, 300.90, 10.58, 73.66, 11.9, 34.982895, -97.520748, 0.5
14:32:16, 446, 89, 95686, 0.10, 284.00, 10.60, 73.64, 11.9, 34.982897, -97.520752, 0.4
14:32:17, 447, 90, 95676, 0.20, 93.20, 10.60, 73.58, 11.9, 34.982897, -97.520752, 0.5
14:32:18, 448, 91, 95672, 0.20, 88.20, 10.62, 73.53, 11.9, 34.982898, -97.520750, 0.4
14:32:19, 449, 92, 95656, 0.30, 85.30, 10.62, 73.51, 11.9, 34.982898, -97.520747, 0.5
14:32:20, 450, 93, 95646, 0.30, 64.40, 10.62, 73.45, 11.9, 34.982900, -97.520745, 0.5
14:32:21, 450, 93, 95640, 0.20, 42.10, 10.64, 73.42, 11.9, 34.982902, -97.520745, 0.5
14:32:22, 451, 94, 95628, 0.10, 41.60, 10.64, 73.40, 11.9, 34.982903, -97.520745, 0.6
14:32:23, 452, 95, 95620, 0.10, 33.00, 10.66, 73.37, 11.9, 34.982905, -97.520747, 0.6
14:32:24, 453, 96, 95612, 0.10, 92.10, 10.66, 73.35, 11.9, 34.982903, -97.520745, 0.6
14:32:25, 454, 97, 95600, 0.10, 92.20, 10.68, 73.32, 11.9, 34.982903, -97.520743, 0.6
14:32:26, 454, 97, 95596, 0.10, 84.70, 10.68, 73.30, 11.9, 34.982903, -97.520742, 0.6
14:32:27, 455, 98, 95588, 0.00, 13.30, 10.70, 73.28, 11.9, 34.982903, -97.520745, 0.7
14:32:28, 456, 99, 95580, 0.00, 22.30, 10.70, 73.25, 12.0, 34.982903, -97.520747, 0.8
14:32:29, 455, 98, 95586, 0.00, 78.40, 10.72, 73.22, 12.0, 34.982903, -97.520747, 0.7
14:32:30, 455, 98, 95586, 0.00, 26.90, 10.72, 73.19, 12.0, 34.982903, -97.520747, 0.6
14:32:31, 455, 98, 95586, 0.00, 329.90, 10.72, 73.17, 12.0, 34.982902, -97.520747, 0.6
14:32:32, 455, 98, 95582, 0.00, 192.70, 10.74, 73.14, 12.0, 34.982902, -97.520748, 0.5
14:32:33, 455, 98, 95588, 0.10, 139.50, 10.74, 73.09, 12.1, 34.982900, -97.520747, 0.4
14:32:34, 455, 98, 95586, 0.20, 129.60, 10.74, 73.06, 12.0, 34.982898, -97.520745, 0.4
14:32:35, 455, 98, 95584, 0.20, 133.00, 10.74, 73.04, 12.1, 34.982897, -97.520740, 0.3
14:32:36, 455, 98, 95586, 0.10, 136.80, 10.74, 73.01, 12.1, 34.982895, -97.520740, 0.2
14:32:37, 456, 99, 95580, 0.00, 142.60, 10.74, 72.99, 12.1, 34.982893, -97.520740, 0.2
14:32:38, 456, 99, 95572, 0.00, 218.40, 10.74, 72.94, 12.1, 34.982892, -97.520742, 0.2
14:32:40, 455, 98, 95584, 0.00, 318.90, 10.74, 72.88, 12.1, 34.982892, -97.520742, 0.0
14:32:41, 454, 97, 95594, 0.00, 278.90, 10.72, 72.85, 12.1, 34.982892, -97.520743, -0.1
14:32:42, 454, 97, 95594, 0.10, 282.40, 10.72, 72.83, 12.1, 34.982892, -97.520745, -0.1
14:32:43, 454, 97, 95602, 0.00, 313.50, 10.72, 72.83, 12.1, 34.982892, -97.520747, -0.1
14:32:44, 453, 96, 95606, 0.00, 278.00, 10.74, 72.83, 12.2, 34.982892, -97.520748, -0.1
14:32:45, 453, 96, 95610, 0.10, 268.80, 10.74, 72.83, 12.1, 34.982892, -97.520753, -0.2
14:32:46, 453, 96, 95614, 0.10, 271.90, 10.74, 72.83, 12.1, 34.982893, -97.520757, -0.2
14:32:47, 452, 95, 95618, 0.20, 274.10, 10.74, 72.83, 12.2, 34.982893, -97.520760, -0.2
14:32:48, 452, 95, 95624, 0.20, 273.20, 10.74, 72.80, 12.1, 34.982893, -97.520763, -0.3
14:32:49, 451, 94, 95634, 0.20, 267.90, 10.74, 72.80, 12.2, 34.982893, -97.520765, -0.3
14:32:50, 451, 94, 95630, 0.10, 262.40, 10.74, 72.80, 12.2, 34.982893, -97.520767, -0.3
14:32:51, 451, 94, 95636, 0.10, 254.00, 10.74, 72.77, 12.2, 34.982892, -97.520767, -0.4
14:32:52, 450, 93, 95648, 0.10, 244.90, 10.74, 72.75, 12.2, 34.982888, -97.520768, -0.4
14:32:53, 449, 92, 95654, 0.10, 245.80, 10.72, 72.75, 12.2, 34.982887, -97.520772, -0.5
14:32:54, 449, 92, 95656, 0.10, 247.10, 10.72, 72.72, 12.2, 34.982887, -97.520775, -0.4
14:32:55, 448, 91, 95662, 0.10, 250.40, 10.72, 72.70, 12.2, 34.982885, -97.520778, -0.5
14:32:56, 448, 91, 95668, 0.10, 254.00, 10.72, 72.70, 12.2, 34.982885, -97.520780, -0.4
14:32:57, 447, 90, 95680, 0.10, 258.10, 10.70, 72.67, 12.2, 34.982885, -97.520783, -0.5
14:32:58, 447, 90, 95676, 0.00, 254.90, 10.70, 72.67, 12.2, 34.982885, -97.520785, -0.4
14:32:59, 447, 90, 95680, 0.00, 252.70, 10.70, 72.67, 12.2, 34.982885, -97.520785, -0.4
14:33:00, 446, 89, 95690, 0.00, 255.20, 10.68, 72.64, 12.2, 34.982883, -97.520788, -0.5
14:33:01, 446, 89, 95694, 0.00, 255.20, 10.66, 72.64, 12.2, 34.982883, -97.520792, -0.5
14:33:02, 445, 88, 95704, 0.00, 254.80, 10.66, 72.64, 12.2, 34.982883, -97.520795, -0.5
14:33:03, 445, 88, 95704, 0.00, 254.00, 10.64, 72.64, 12.2, 34.982882, -97.520798, -0.5
14:33:04, 444, 87, 95716, 0.10, 251.50, 10.64, 72.64, 12.2, 34.982880, -97.520800, -0.5
14:33:05, 443, 86, 95722, 0.10, 243.90, 10.64, 72.66, 12.2, 34.982880, -97.520802, -0.5
14:33:06, 443, 86, 95724, 0.10, 237.70, 10.64, 72.66, 12.2, 34.982880, -97.520803, -0.5
14:33:07, 443, 86, 95728, 0.00, 187.70, 10.62, 72.66, 12.2, 34.982878, -97.520803, -0.5
14:33:08, 443, 86, 95730, 0.00, 155.70, 10.60, 72.66, 12.2, 34.982878, -97.520803, -0.5
14:33:09, 442, 85, 95732, 0.00, 117.90, 10.60, 72.69, 12.2, 34.982878, -97.520802, -0.4
14:33:10, 441, 84, 95744, 0.00, 156.40, 10.60, 72.71, 12.2, 34.982877, -97.520803, -0.4
14:33:11, 441, 84, 95746, 0.00, 167.60, 10.58, 72.71, 12.2, 34.982878, -97.520805, -0.5
14:33:12, 440, 83, 95760, 0.00, 168.60, 10.58, 72.74, 12.2, 34.982877, -97.520805, -0.5
14:33:13, 440, 83, 95762, 0.00, 191.50, 10.58, 72.77, 12.2, 34.982875, -97.520805, -0.5
14:33:14, 440, 83, 95764, 0.00, 200.00, 10.56, 72.77, 12.2, 34.982873, -97.520807, -0.5
14:33:15, 440, 83, 95764, 0.00, 238.70, 10.56, 72.79, 12.2, 34.982873, -97.520808, -0.4
14:33:16, 438, 81, 95776, 0.10, 224.70, 10.56, 72.82, 12.2, 34.982872, -97.520812, -0.5
14:33:17, 438, 81, 95780, 0.10, 224.30, 10.56, 72.82, 12.2, 34.982872, -97.520813, -0.4
14:33:18, 437, 80, 95790, 0.10, 234.10, 10.56, 72.84, 12.3, 34.982872, -97.520818, -0.5
14:33:19, 437, 80, 95794, 0.10, 244.40, 10.54, 72.87, 12.3, 34.982873, -97.520818, -0.5
14:33:20, 437, 80, 95798, 0.10, 3.80, 10.54, 72.90, 12.3, 34.982873, -97.520818, -0.5
14:33:21, 436, 79, 95802, 0.10, 8.80, 10.54, 72.90, 12.3, 34.982875, -97.520818, -0.5
14:33:22, 435, 78, 95812, 0.00, 345.00, 10.54, 72.93, 12.3, 34.982875, -97.520818, -0.5
14:33:23, 435, 78, 95818, 0.00, 320.70, 10.52, 72.92, 12.3, 34.982877, -97.520818, -0.5
14:33:24, 435, 78, 95820, 0.00, 295.80, 10.52, 72.94, 12.3, 34.982877, -97.520818, -0.5
14:33:25, 434, 77, 95826, 0.00, 269.00, 10.52, 72.97, 12.3, 34.982878, -97.520820, -0.4
14:33:26, 434, 77, 95828, 0.00, 242.10, 10.50, 72.97, 12.3, 34.982877, -97.520820, -0.4
14:33:27, 433, 76, 95834, 0.00, 222.20, 10.50, 73.00, 12.3, 34.982875, -97.520820, -0.5
14:33:28, 433, 76, 95840, 0.00, 210.00, 10.50, 73.03, 12.3, 34.982875, -97.520820, -0.5
14:33:29, 432, 75, 95848, 0.00, 251.00, 10.52, 73.03, 12.3, 34.982875, -97.520822, -0.5
14:33:30, 432, 75, 95846, 0.00, 223.60, 10.50, 73.05, 12.3, 34.982873, -97.520822, -0.4
14:33:31, 431, 74, 95862, 0.00, 234.80, 10.52, 73.08, 12.3, 34.982873, -97.520822, -0.5
14:33:32, 430, 73, 95870, 0.00, 215.50, 10.52, 73.08, 12.3, 34.982873, -97.520820, -0.5
14:33:33, 431, 74, 95866, 0.00, 120.10, 10.54, 73.08, 12.3, 34.982873, -97.520818, -0.5
14:33:34, 431, 74, 95866, 0.00, 183.70, 10.52, 73.10, 12.3, 34.982872, -97.520818, -0.4
14:33:35, 430, 73, 95876, 0.00, 233.70, 10.52, 73.10, 12.3, 34.982872, -97.520818, -0.4
14:33:36, 429, 72, 95890, 0.00, 205.70, 10.52, 73.10, 12.3, 34.982872, -97.520817, -0.5
14:33:37, 429, 72, 95890, 0.00, 301.80, 10.52, 73.10, 12.3, 34.982870, -97.520813, -0.5
14:33:38, 428, 71, 95898, 0.00, 296.50, 10.52, 73.10, 12.3, 34.982872, -97.520813, -0.5
14:33:39, 427, 70, 95906, 0.00, 302.90, 10.50, 73.10, 12.3, 34.982872, -97.520813, -0.5
14:33:40, 427, 70, 95910, 0.00, 322.10, 10.50, 73.10, 12.3, 34.982872, -97.520812, -0.5
14:33:41, 426, 69, 95914, 0.00, 328.80, 10.50, 73.13, 12.3, 34.982872, -97.520810, -0.5
14:33:42, 426, 69, 95922, 0.00, 358.00, 10.50, 73.13, 12.3, 34.982872, -97.520808, -0.5
14:33:43, 426, 69, 95922, 0.00, 163.20, 10.50, 73.13, 12.3, 34.982868, -97.520807, -0.5
14:33:44, 425, 68, 95932, 0.00, 166.10, 10.52, 73.13, 12.3, 34.982868, -97.520805, -0.5
14:33:45, 424, 67, 95938, 0.00, 180.90, 10.50, 73.16, 12.3, 34.982867, -97.520805, -0.5
14:33:46, 424, 67, 95940, 0.00, 197.90, 10.52, 73.16, 12.3, 34.982865, -97.520805, -0.5
14:33:47, 423, 66, 95956, 0.00, 213.50, 10.52, 73.16, 12.3, 34.982863, -97.520805, -0.6
14:33:48, 423, 66, 95956, 0.00, 227.00, 10.50, 73.16, 12.3, 34.982863, -97.520803, -0.5
14:33:49, 423, 66, 95956, 0.00, 307.50, 10.50, 73.16, 12.3, 34.982865, -97.520802, -0.4
14:33:50, 421, 64, 95972, 0.00, 338.70, 10.50, 73.16, 12.3, 34.982865, -97.520802, -0.6
14:33:51, 421, 64, 95976, 0.00, 88.30, 10.50, 73.16, 12.3, 34.982865, -97.520803, -0.5
14:33:52, 421, 64, 95980, 0.00, 82.00, 10.50, 73.16, 12.3, 34.982865, -97.520802, -0.5
14:33:53, 421, 64, 95980, 0.00, 83.10, 10.48, 73.18, 12.3, 34.982865, -97.520802, -0.5
14:33:54, 420, 63, 95990, 0.00, 93.20, 10.50, 73.18, 12.3, 34.982865, -97.520800, -0.5
14:33:55, 419, 62, 95998, 0.00, 116.70, 10.50, 73.21, 12.3, 34.982865, -97.520798, -0.5
14:33:56, 419, 62, 96000, 0.00, 41.10, 10.50, 73.21, 12.3, 34.982863, -97.520798, -0.5
14:33:57, 419, 62, 96004, 0.00, 47.00, 10.50, 73.21, 12.3, 34.982863, -97.520795, -0.5
14:33:58, 418, 61, 96016, 0.00, 82.40, 10.50, 73.23, 12.3, 34.982862, -97.520795, -0.5
14:33:59, 417, 60, 96018, 0.00, 168.60, 10.52, 73.26, 12.3, 34.982862, -97.520793, -0.5
14:34:00, 417, 60, 96024, 0.00, 207.30, 10.52, 73.23, 12.3, 34.982862, -97.520793, -0.5
14:34:01, 416, 59, 96030, 0.00, 207.70, 10.54, 73.26, 12.3, 34.982862, -97.520795, -0.5
14:34:02, 416, 59, 96036, 0.00, 208.70, 10.54, 73.26, 12.3, 34.982862, -97.520795, -0.5
14:34:03, 415, 58, 96044, 0.00, 167.70, 10.54, 73.26, 12.3, 34.982862, -97.520795, -0.5
14:34:04, 415, 58, 96048, 0.00, 155.20, 10.54, 73.24, 12.3, 34.982860, -97.520793, -0.5
14:34:05, 415, 58, 96048, 0.00, 185.90, 10.54, 73.24, 12.3, 34.982858, -97.520792, -0.5
14:34:06, 414, 57, 96056, 0.00, 182.90, 10.54, 73.22, 12.3, 34.982858, -97.520788, -0.5
14:34:07, 413, 56, 96068, 0.00, 162.60, 10.54, 73.22, 12.3, 34.982858, -97.520788, -0.5
14:34:08, 413, 56, 96070, 0.00, 146.00, 10.54, 73.22, 12.3, 34.982855, -97.520783, -0.5
14:34:09, 412, 55, 96078, 0.00, 142.30, 10.52, 73.18, 12.3, 34.982855, -97.520782, -0.5
14:34:10, 412, 55, 96078, 0.00, 159.10, 10.52, 73.18, 12.2, 34.982853, -97.520780, -0.5
14:34:11, 411, 54, 96092, 0.00, 150.60, 10.50, 73.16, 12.2, 34.982853, -97.520780, -0.5
14:34:12, 412, 55, 96082, 0.00, 167.80, 10.50, 73.18, 12.2, 34.982853, -97.520780, -0.4
14:34:13, 410, 53, 96100, 0.00, 270.30, 10.48, 73.16, 12.2, 34.982853, -97.520780, -0.5
14:34:14, 410, 53, 96100, 0.00, 285.00, 10.48, 73.18, 12.2, 34.982853, -97.520780, -0.5
14:34:15, 410, 53, 96104, 0.00, 73.90, 10.48, 73.18, 12.2, 34.982853, -97.520780, -0.5
14:34:16, 409, 52, 96114, 0.00, 92.00, 10.46, 73.21, 12.2, 34.982853, -97.520780, -0.5
14:34:17, 409, 52, 96114, 0.00, 91.60, 10.46, 73.21, 12.2, 34.982853, -97.520778, -0.4
14:34:18, 408, 51, 96124, 0.00, 102.70, 10.44, 73.23, 12.2, 34.982853, -97.520778, -0.5
14:34:19, 407, 50, 96136, 0.00, 106.20, 10.42, 73.26, 12.2, 34.982853, -97.520778, -0.5
14:34:20, 408, 51, 96130, 0.00, 100.80, 10.42, 73.29, 12.2, 34.982853, -97.520778, -0.4
14:34:21, 407, 50, 96136, 0.00, 83.90, 10.40, 73.32, 12.2, 34.982853, -97.520778, -0.4
14:34:22, 406, 49, 96152, 0.00, 79.20, 10.40, 73.34, 12.2, 34.982853, -97.520777, -0.5
14:34:23, 406, 49, 96152, 0.00, 104.10, 10.40, 73.37, 12.2, 34.982853, -97.520777, -0.5
14:34:24, 405, 48, 96160, 0.00, 156.20, 10.40, 73.42, 12.2, 34.982853, -97.520777, -0.6
14:34:25, 405, 48, 96162, 0.00, 225.00, 10.38, 73.45, 12.1, 34.982853, -97.520778, -0.4
14:34:26, 404, 47, 96168, 0.00, 210.20, 10.38, 73.47, 12.1, 34.982853, -97.520777, -0.5
14:34:27, 404, 47, 96174, 0.00, 179.00, 10.38, 73.52, 12.1, 34.982853, -97.520777, -0.5
14:34:28, 403, 46, 96182, 0.00, 169.80, 10.36, 73.55, 12.1, 34.982852, -97.520777, -0.5
14:34:29, 403, 46, 96186, 0.00, 178.30, 10.36, 73.58, 12.1, 34.982852, -97.520777, -0.5
14:34:30, 403, 46, 96188, 0.00, 127.90, 10.36, 73.63, 12.1, 34.982852, -97.520777, -0.5
14:34:31, 403, 46, 96188, 0.00, 16.40, 10.36, 73.63, 12.1, 34.982852, -97.520777, -0.4
14:34:32, 401, 44, 96204, 0.00, 214.30, 10.36, 73.65, 12.1, 34.982852, -97.520777, -0.5
14:34:33, 401, 44, 96210, 0.00, 209.00, 10.38, 73.65, 12.1, 34.982852, -97.520777, -0.5
14:34:34, 400, 43, 96214, 0.00, 49.10, 10.38, 73.65, 12.1, 34.982852, -97.520777, -0.4
14:34:35, 400, 43, 96216, 0.00, 336.40, 10.40, 73.65, 12.1, 34.982852, -97.520777, -0.5
14:34:36, 400, 43, 96218, 0.00, 150.00, 10.40, 73.68, 12.1, 34.982852, -97.520777, -0.4
14:34:37, 399, 42, 96230, 0.00, 249.00, 10.42, 73.68, 12.1, 34.982852, -97.520777, -0.5
14:34:38, 398, 41, 96238, 0.00, 269.80, 10.42, 73.68, 12.1, 34.982852, -97.520777, -0.5
14:34:39, 398, 41, 96244, 0.00, 302.30, 10.44, 73.68, 12.1, 34.982852, -97.520777, -0.5
14:34:40, 397, 40, 96248, 0.00, 318.10, 10.44, 73.68, 12.1, 34.982852, -97.520777, -0.5
14:34:41, 398, 41, 96246, 0.00, 69.40, 10.44, 73.65, 12.0, 34.982852, -97.520777, -0.4
14:34:42, 397, 40, 96258, 0.00, 49.20, 10.46, 73.65, 12.0, 34.982852, -97.520777, -0.5
14:34:43, 396, 39, 96266, 0.00, 76.00, 10.46, 73.65, 12.0, 34.982852, -97.520777, -0.6
14:34:44, 396, 39, 96266, 0.00, 90.00, 10.46, 73.65, 12.0, 34.982852, -97.520777, -0.4
14:34:45, 396, 39, 96270, 0.00, 86.80, 10.48, 73.65, 12.0, 34.982852, -97.520777, -0.4
14:34:46, 395, 38, 96276, 0.00, 60.20, 10.48, 73.65, 12.0, 34.982852, -97.520775, -0.4
14:34:49, 393, 36, 96300, 0.00, 20.00, 10.48, 73.61, 12.0, 34.982852, -97.520775, -0.6
14:34:50, 393, 36, 96298, 0.00, 23.80, 10.48, 73.58, 12.0, 34.982852, -97.520775, -0.5
14:34:51, 393, 36, 96304, 0.00, 76.40, 10.48, 73.55, 12.0, 34.982853, -97.520775, -0.4
14:34:52, 392, 35, 96308, 0.00, 87.30, 10.48, 73.52, 12.0, 34.982853, -97.520775, -0.4
14:34:53, 391, 34, 96318, 0.00, 73.20, 10.48, 73.50, 12.0, 34.982853, -97.520775, -0.5
14:34:54, 390, 33, 96328, 0.00, 53.50, 10.48, 73.50, 12.0, 34.982853, -97.520773, -0.6
14:34:55, 391, 34, 96326, 0.00, 43.00, 10.48, 73.47, 12.0, 34.982853, -97.520773, -0.5
14:34:56, 390, 33, 96334, 0.00, 37.10, 10.48, 73.47, 12.0, 34.982852, -97.520773, -0.5
14:34:57, 390, 33, 96336, 0.00, 39.80, 10.48, 73.45, 12.0, 34.982852, -97.520772, -0.5
14:34:58, 389, 32, 96346, 0.00, 301.20, 10.48, 73.45, 12.0, 34.982850, -97.520773, -0.5
14:34:59, 388, 31, 96356, 0.00, 289.30, 10.48, 73.42, 12.0, 34.982850, -97.520773, -0.5
14:35:00, 388, 31, 96352, 0.00, 285.90, 10.48, 73.42, 11.9, 34.982850, -97.520773, -0.5
14:35:01, 388, 31, 96358, 0.00, 289.60, 10.48, 73.42, 11.9, 34.982850, -97.520775, -0.5
14:35:02, 387, 30, 96370, 0.00, 273.90, 10.48, 73.39, 11.9, 34.982850, -97.520775, -0.5
14:35:03, 386, 29, 96376, 0.00, 243.70, 10.48, 73.39, 11.9, 34.982850, -97.520775, -0.5
14:35:04, 386, 29, 96380, 0.00, 212.30, 10.48, 73.39, 11.9, 34.982850, -97.520775, -0.5
14:35:05, 386, 29, 96380, 0.00, 227.90, 10.48, 73.39, 11.9, 34.982850, -97.520775, -0.5
14:35:06, 385, 28, 96388, 0.00, 241.60, 10.48, 73.39, 11.9, 34.982848, -97.520777, -0.5
14:35:07, 385, 28, 96392, 0.00, 57.10, 10.48, 73.39, 11.9, 34.982848, -97.520777, -0.4
14:35:08, 384, 27, 96398, 0.00, 19.00, 10.48, 73.39, 11.9, 34.982848, -97.520777, -0.5
14:35:09, 384, 27, 96408, 0.00, 45.70, 10.48, 73.39, 11.9, 34.982850, -97.520775, -0.5
14:35:10, 384, 27, 96408, 0.00, 74.40, 10.48, 73.37, 11.9, 34.982850, -97.520775, -0.5
14:35:11, 383, 26, 96416, 0.00, 53.00, 10.48, 73.37, 11.9, 34.982850, -97.520775, -0.5
14:35:12, 382, 25, 96424, 0.00, 100.60, 10.48, 73.37, 11.9, 34.982850, -97.520775, -0.5
14:35:13, 382, 25, 96424, 0.00, 124.20, 10.46, 73.37, 11.9, 34.982850, -97.520775, -0.5
14:35:14, 382, 25, 96430, 0.00, 149.90, 10.44, 73.37, 11.9, 34.982848, -97.520775, -0.5
14:35:15, 381, 24, 96440, 0.00, 164.30, 10.42, 73.37, 11.9, 34.982848, -97.520773, -0.5
14:35:16, 380, 23, 96444, 0.00, 164.30, 10.40, 73.37, 11.8, 34.982848, -97.520773, -0.5
14:35:17, 380, 23, 96454, 0.00, 164.70, 10.40, 73.39, 11.8, 34.982848, -97.520773, -0.5
14:35:18, 380, 23, 96454, 0.00, 84.30, 10.36, 73.42, 11.8, 34.982847, -97.520773, -0.5
14:35:19, 379, 22, 96462, 0.00, 84.30, 10.36, 73.45, 11.8, 34.982847, -97.520773, -0.5
14:35:20, 378, 21, 96466, 0.00, 45.10, 10.34, 73.44, 11.8, 34.982848, -97.520773, -0.5
14:35:21, 378, 21, 96476, 0.00, 57.30, 10.34, 73.49, 11.8, 34.982848, -97.520773, -0.5
14:35:22, 377, 20, 96478, 0.00, 57.30, 10.32, 73.55, 11.8, 34.982848, -97.520772, -0.5
14:35:23, 377, 20, 96488, 0.00, 54.10, 10.32, 73.60, 11.8, 34.982848, -97.520772, -0.5
14:35:24, 376, 19, 96496, 0.00, 59.20, 10.30, 73.62, 11.8, 34.982848, -97.520772, -0.5
14:35:25, 375, 18, 96502, 0.00, 61.40, 10.30, 73.62, 11.8, 34.982848, -97.520772, -0.5
14:35:26, 375, 18, 96510, 0.00, 226.50, 10.30, 73.68, 11.8, 34.982848, -97.520772, -0.6
14:35:27, 374, 17, 96516, 0.00, 217.80, 10.30, 73.73, 11.8, 34.982848, -97.520772, -0.6
14:35:28, 374, 17, 96516, 0.00, 213.00, 10.28, 73.75, 11.8, 34.982848, -97.520772, -0.5
14:35:28, 374, 17, 96522, 0.00, 213.00, 10.28, 73.80, 11.8, 34.982847, -97.520772, -0.5
14:35:29, 373, 16, 96532, 0.00, 220.20, 10.26, 73.83, 11.9, 34.982847, -97.520772, -0.5
14:35:31, 372, 15, 96538, 0.00, 220.40, 10.26, 73.88, 11.9, 34.982847, -97.520773, -0.6
14:35:31, 372, 15, 96544, 0.00, 223.50, 10.24, 73.91, 11.9, 34.982847, -97.520773, -0.5
