,sensor [K-30 FR],,
,CO2,,,
03/03/17 19:48:33.326,"434",,
03/03/17 19:48:34.326,"435",,
03/03/17 19:48:35.326,"435",,
03/03/17 19:48:36.326,"435",,
03/03/17 19:48:37.326,"436",,
03/03/17 19:48:38.326,"437",,
03/03/17 19:48:39.326,"437",,
03/03/17 19:48:40.326,"437",,
03/03/17 19:48:41.326,"437",,
03/03/17 19:48:42.326,"435",,
03/03/17 19:48:43.326,"435",,
03/03/17 19:48:44.326,"436",,
03/03/17 19:48:45.326,"437",,
03/03/17 19:48:46.326,"437",,
03/03/17 19:48:47.326,"437",,
03/03/17 19:48:48.326,"437",,
03/03/17 19:48:49.326,"437",,
03/03/17 19:48:50.326,"437",,
03/03/17 19:48:51.326,"438",,
03/03/17 19:48:52.326,"436",,
03/03/17 19:48:53.326,"436",,
03/03/17 19:48:54.327,"436",,
03/03/17 19:48:55.326,"437",,
03/03/17 19:48:56.326,"437",,
03/03/17 19:48:57.326,"437",,
03/03/17 19:48:58.326,"437",,
03/03/17 19:48:59.326,"438",,
03/03/17 19:49:00.327,"439",,
03/03/17 19:49:01.326,"438",,
03/03/17 19:49:02.326,"437",,
03/03/17 19:49:03.326,"437",,
03/03/17 19:49:04.326,"436",,
03/03/17 19:49:05.327,"435",,
03/03/17 19:49:06.326,"435",,
03/03/17 19:49:07.326,"435",,
03/03/17 19:49:08.326,"435",,
03/03/17 19:49:09.327,"435",,
03/03/17 19:49:10.326,"435",,
03/03/17 19:49:11.326,"436",,
03/03/17 19:49:12.326,"436",,
03/03/17 19:49:13.327,"437",,
03/03/17 19:49:14.326,"437",,
03/03/17 19:49:15.327,"437",,
03/03/17 19:49:16.326,"437",,
03/03/17 19:49:17.326,"437",,
03/03/17 19:49:18.326,"437",,
03/03/17 19:49:19.326,"437",,
03/03/17 19:49:20.326,"437",,
03/03/17 19:49:21.326,"437",,
03/03/17 19:49:22.326,"437",,
03/03/17 19:49:22.326,"437",,
03/03/17 19:49:23.326,"437",,
03/03/17 19:49:24.326,"437",,
03/03/17 19:49:25.326,"438",,
03/03/17 19:49:26.326,"438",,
03/03/17 19:49:27.326,"438",,
03/03/17 19:49:28.326,"438",,
03/03/17 19:49:29.326,"438",,
03/03/17 19:49:30.326,"438",,
03/03/17 19:49:31.326,"438",,
03/03/17 19:49:32.326,"438",,
03/03/17 19:49:33.326,"439",,
03/03/17 19:49:34.326,"438",,
03/03/17 19:49:35.326,"438",,
03/03/17 19:49:36.326,"439",,
03/03/17 19:49:37.327,"439",,
03/03/17 19:49:38.326,"438",,
03/03/17 19:49:39.326,"433",,
03/03/17 19:49:40.326,"430",,
03/03/17 19:49:41.326,"432",,
03/03/17 19:49:42.326,"432",,
03/03/17 19:49:43.326,"430",,
03/03/17 19:49:44.326,"430",,
03/03/17 19:49:45.326,"430",,
03/03/17 19:49:46.326,"431",,
03/03/17 19:49:47.326,"431",,
03/03/17 19:49:48.326,"433",,
03/03/17 19:49:49.326,"434",,
03/03/17 19:49:50.326,"434",,
03/03/17 19:49:51.326,"434",,
03/03/17 19:49:52.326,"433",,
03/03/17 19:49:53.326,"434",,
03/03/17 19:49:54.326,"435",,
03/03/17 19:49:55.326,"433",,
03/03/17 19:49:56.326,"432",,
03/03/17 19:49:57.326,"432",,
03/03/17 19:49:58.327,"431",,
03/03/17 19:49:59.326,"432",,
03/03/17 19:50:00.326,"433",,
03/03/17 19:50:01.326,"433",,
03/03/17 19:50:02.326,"432",,
03/03/17 19:50:03.326,"433",,
03/03/17 19:50:04.326,"433",,
03/03/17 19:50:05.326,"434",,
03/03/17 19:50:06.326,"436",,
03/03/17 19:50:07.326,"436",,
03/03/17 19:50:08.326,"436",,
03/03/17 19:50:09.326,"437",,
03/03/17 19:50:10.326,"437",,
03/03/17 19:50:11.326,"437",,
03/03/17 19:50:12.327,"437",,
03/03/17 19:50:13.326,"438",,
03/03/17 19:50:13.326,"438",,
03/03/17 19:50:14.326,"438",,
03/03/17 19:50:15.326,"437",,
03/03/17 19:50:16.326,"435",,
03/03/17 19:50:17.326,"435",,
03/03/17 19:50:18.326,"436",,
03/03/17 19:50:19.326,"437",,
03/03/17 19:50:20.326,"437",,
03/03/17 19:50:21.326,"436",,
03/03/17 19:50:22.326,"436",,
03/03/17 19:50:23.326,"437",,
03/03/17 19:50:24.326,"437",,
03/03/17 19:50:25.327,"438",,
03/03/17 19:50:26.326,"439",,
03/03/17 19:50:27.326,"439",,
03/03/17 19:50:28.326,"438",,
03/03/17 19:50:29.326,"436",,
03/03/17 19:50:30.326,"435",,
03/03/17 19:50:31.327,"436",,
03/03/17 19:50:32.326,"436",,
03/03/17 19:50:33.327,"434",,
03/03/17 19:50:34.326,"433",,
03/03/17 19:50:35.326,"433",,
03/03/17 19:50:36.326,"432",,
03/03/17 19:50:37.326,"433",,
03/03/17 19:50:38.326,"433",,
03/03/17 19:50:39.326,"432",,
03/03/17 19:50:40.326,"432",,
03/03/17 19:50:41.326,"433",,
03/03/17 19:50:42.327,"432",,
03/03/17 19:50:43.326,"433",,
03/03/17 19:50:44.326,"434",,
03/03/17 19:50:45.327,"434",,
03/03/17 19:50:46.326,"435",,
03/03/17 19:50:47.327,"435",,
03/03/17 19:50:48.327,"436",,
03/03/17 19:50:49.326,"435",,
03/03/17 19:50:50.326,"437",,
03/03/17 19:50:51.327,"437",,
03/03/17 19:50:52.326,"438",,
03/03/17 19:50:53.326,"438",,
03/03/17 19:50:54.326,"439",,
03/03/17 19:50:55.327,"438",,
03/03/17 19:50:56.326,"435",,
03/03/17 19:50:57.326,"434",,
03/03/17 19:50:58.326,"435",,
03/03/17 19:50:59.326,"436",,
03/03/17 19:51:00.326,"434",,
03/03/17 19:51:01.326,"433",,
03/03/17 19:51:02.326,"435",,
03/03/17 19:51:03.327,"437",,
03/03/17 19:51:04.326,"438",,
03/03/17 19:51:04.326,"438",,
03/03/17 19:51:05.326,"437",,
03/03/17 19:51:06.326,"437",,
03/03/17 19:51:07.326,"436",,
03/03/17 19:51:08.326,"434",,
03/03/17 19:51:09.326,"434",,
03/03/17 19:51:10.326,"435",,
03/03/17 19:51:11.327,"434",,
03/03/17 19:51:12.326,"434",,
03/03/17 19:51:13.326,"434",,
03/03/17 19:51:14.326,"432",,
03/03/17 19:51:15.326,"430",,
03/03/17 19:51:16.326,"432",,
03/03/17 19:51:17.326,"433",,
03/03/17 19:51:18.326,"434",,
03/03/17 19:51:19.326,"435",,
03/03/17 19:51:20.326,"436",,
03/03/17 19:51:21.326,"435",,
03/03/17 19:51:22.326,"435",,
03/03/17 19:51:23.326,"435",,
03/03/17 19:51:24.327,"436",,
03/03/17 19:51:25.326,"436",,
03/03/17 19:51:26.326,"435",,
03/03/17 19:51:27.326,"435",,
03/03/17 19:51:28.326,"436",,
03/03/17 19:51:29.326,"436",,
03/03/17 19:51:30.326,"435",,
03/03/17 19:51:31.326,"435",,
03/03/17 19:51:32.326,"435",,
03/03/17 19:51:33.326,"434",,
03/03/17 19:51:34.326,"434",,
03/03/17 19:51:35.326,"434",,
03/03/17 19:51:36.326,"434",,
03/03/17 19:51:37.326,"434",,
03/03/17 19:51:38.326,"435",,
03/03/17 19:51:39.326,"435",,
03/03/17 19:51:40.326,"435",,
03/03/17 19:51:41.327,"435",,
03/03/17 19:51:42.326,"435",,
03/03/17 19:51:43.326,"436",,
03/03/17 19:51:44.326,"435",,
03/03/17 19:51:45.326,"435",,
03/03/17 19:51:46.326,"435",,
03/03/17 19:51:47.326,"435",,
03/03/17 19:51:48.326,"435",,
03/03/17 19:51:49.326,"435",,
03/03/17 19:51:50.326,"435",,
03/03/17 19:51:51.326,"435",,
03/03/17 19:51:52.326,"435",,
03/03/17 19:51:53.326,"434",,
03/03/17 19:51:54.326,"434",,
03/03/17 19:51:55.326,"434",,
03/03/17 19:51:55.326,"434",,
03/03/17 19:51:56.326,"434",,
03/03/17 19:51:57.326,"435",,
03/03/17 19:51:58.326,"435",,
03/03/17 19:51:59.327,"435",,
03/03/17 19:52:00.327,"434",,
03/03/17 19:52:01.326,"434",,
03/03/17 19:52:02.326,"434",,
03/03/17 19:52:03.326,"434",,
03/03/17 19:52:04.327,"434",,
03/03/17 19:52:05.326,"430",,
03/03/17 19:52:06.326,"431",,
03/03/17 19:52:07.326,"431",,
03/03/17 19:52:08.326,"431",,
03/03/17 19:52:09.326,"432",,
03/03/17 19:52:10.326,"432",,
03/03/17 19:52:11.326,"433",,
03/03/17 19:52:12.326,"433",,
03/03/17 19:52:13.327,"433",,
03/03/17 19:52:14.326,"433",,
03/03/17 19:52:15.326,"433",,
03/03/17 19:52:16.326,"433",,
03/03/17 19:52:17.326,"433",,
03/03/17 19:52:18.326,"434",,
03/03/17 19:52:19.326,"434",,
03/03/17 19:52:20.326,"435",,
03/03/17 19:52:21.326,"435",,
03/03/17 19:52:22.326,"435",,
03/03/17 19:52:23.326,"434",,
03/03/17 19:52:24.326,"434",,
03/03/17 19:52:25.326,"434",,
03/03/17 19:52:26.326,"435",,
03/03/17 19:52:27.326,"434",,
03/03/17 19:52:28.326,"434",,
03/03/17 19:52:29.326,"434",,
03/03/17 19:52:30.326,"434",,
03/03/17 19:52:31.326,"433",,
03/03/17 19:52:32.326,"433",,
03/03/17 19:52:33.326,"434",,
03/03/17 19:52:34.327,"434",,
03/03/17 19:52:35.326,"434",,
03/03/17 19:52:36.326,"434",,
03/03/17 19:52:37.326,"435",,
03/03/17 19:52:38.326,"435",,
03/03/17 19:52:39.326,"435",,
03/03/17 19:52:40.326,"435",,
03/03/17 19:52:41.327,"435",,
03/03/17 19:52:42.326,"435",,
03/03/17 19:52:43.326,"435",,
03/03/17 19:52:44.326,"435",,
03/03/17 19:52:45.326,"436",,
03/03/17 19:52:46.326,"435",,
03/03/17 19:52:46.326,"435",,
03/03/17 19:52:47.326,"436",,
03/03/17 19:52:48.326,"437",,
03/03/17 19:52:49.326,"437",,
03/03/17 19:52:50.326,"437",,
03/03/17 19:52:51.326,"437",,
03/03/17 19:52:52.326,"436",,
03/03/17 19:52:53.327,"435",,
03/03/17 19:52:54.326,"435",,
03/03/17 19:52:55.326,"435",,
03/03/17 19:52:56.326,"436",,
03/03/17 19:52:57.326,"437",,
03/03/17 19:52:58.326,"437",,
03/03/17 19:52:59.326,"436",,
03/03/17 19:53:00.326,"436",,
03/03/17 19:53:01.326,"436",,
03/03/17 19:53:02.326,"435",,
03/03/17 19:53:03.326,"435",,
03/03/17 19:53:04.327,"434",,
03/03/17 19:53:05.326,"434",,
03/03/17 19:53:06.326,"434",,
03/03/17 19:53:07.326,"435",,
03/03/17 19:53:08.326,"436",,
03/03/17 19:53:09.326,"436",,
03/03/17 19:53:10.326,"437",,
03/03/17 19:53:11.327,"436",,
03/03/17 19:53:12.326,"436",,
03/03/17 19:53:13.326,"437",,
03/03/17 19:53:14.327,"437",,
03/03/17 19:53:15.326,"437",,
03/03/17 19:53:16.326,"437",,
03/03/17 19:53:17.326,"438",,
03/03/17 19:53:18.326,"437",,
03/03/17 19:53:19.326,"438",,
03/03/17 19:53:20.326,"437",,
03/03/17 19:53:21.326,"437",,
03/03/17 19:53:22.326,"437",,
03/03/17 19:53:23.326,"437",,
03/03/17 19:53:24.326,"437",,
03/03/17 19:53:25.327,"437",,
03/03/17 19:53:26.326,"437",,
03/03/17 19:53:27.326,"437",,
03/03/17 19:53:28.326,"437",,
03/03/17 19:53:29.327,"437",,
03/03/17 19:53:30.326,"438",,
03/03/17 19:53:31.326,"438",,
03/03/17 19:53:32.326,"437",,
03/03/17 19:53:33.326,"437",,
03/03/17 19:53:34.326,"438",,
03/03/17 19:53:35.326,"438",,
03/03/17 19:53:36.326,"438",,
03/03/17 19:53:37.326,"438",,
03/03/17 19:53:37.326,"438",,
03/03/17 19:53:38.326,"438",,
03/03/17 19:53:39.326,"438",,
03/03/17 19:53:40.326,"437",,
03/03/17 19:53:41.326,"436",,
03/03/17 19:53:42.326,"436",,
03/03/17 19:53:43.326,"436",,
03/03/17 19:53:44.327,"437",,
03/03/17 19:53:45.326,"436",,
03/03/17 19:53:46.326,"435",,
03/03/17 19:53:47.326,"434",,
03/03/17 19:53:48.326,"433",,
03/03/17 19:53:49.326,"432",,
03/03/17 19:53:50.326,"432",,
03/03/17 19:53:51.326,"432",,
03/03/17 19:53:52.326,"432",,
03/03/17 19:53:53.326,"432",,
03/03/17 19:53:54.326,"432",,
03/03/17 19:53:55.326,"432",,
03/03/17 19:53:56.326,"432",,
03/03/17 19:53:57.327,"433",,
03/03/17 19:53:58.326,"434",,
03/03/17 19:53:59.327,"435",,
03/03/17 19:54:00.326,"435",,
03/03/17 19:54:01.327,"435",,
03/03/17 19:54:02.326,"436",,
03/03/17 19:54:03.326,"436",,
03/03/17 19:54:04.326,"436",,
03/03/17 19:54:05.326,"436",,
03/03/17 19:54:06.326,"437",,
03/03/17 19:54:07.326,"437",,
03/03/17 19:54:08.326,"437",,
03/03/17 19:54:09.326,"437",,
03/03/17 19:54:10.326,"437",,
03/03/17 19:54:11.326,"438",,
03/03/17 19:54:12.326,"438",,
03/03/17 19:54:13.327,"437",,
03/03/17 19:54:14.326,"437",,
03/03/17 19:54:15.326,"437",,
03/03/17 19:54:16.326,"437",,
03/03/17 19:54:17.326,"437",,
03/03/17 19:54:18.327,"438",,
03/03/17 19:54:19.327,"437",,
03/03/17 19:54:20.326,"437",,
03/03/17 19:54:21.326,"437",,
03/03/17 19:54:22.326,"437",,
03/03/17 19:54:23.326,"437",,
03/03/17 19:54:24.326,"436",,
03/03/17 19:54:25.326,"436",,
03/03/17 19:54:26.326,"436",,
03/03/17 19:54:27.326,"436",,
03/03/17 19:54:28.326,"437",,
03/03/17 19:54:28.326,"437",,
03/03/17 19:54:29.326,"437",,
03/03/17 19:54:30.326,"438",,
03/03/17 19:54:31.326,"439",,
03/03/17 19:54:32.326,"439",,
03/03/17 19:54:33.326,"438",,
03/03/17 19:54:34.326,"438",,
03/03/17 19:54:35.326,"438",,
03/03/17 19:54:36.326,"438",,
03/03/17 19:54:37.326,"437",,
03/03/17 19:54:38.326,"437",,
03/03/17 19:54:39.327,"437",,
03/03/17 19:54:40.326,"437",,
03/03/17 19:54:41.326,"436",,
03/03/17 19:54:42.326,"435",,
03/03/17 19:54:43.326,"434",,
03/03/17 19:54:44.326,"435",,
03/03/17 19:54:45.326,"435",,
03/03/17 19:54:46.327,"435",,
03/03/17 19:54:47.326,"436",,
03/03/17 19:54:48.326,"435",,
03/03/17 19:54:49.326,"434",,
03/03/17 19:54:50.327,"434",,
03/03/17 19:54:51.326,"434",,
03/03/17 19:54:52.326,"434",,
03/03/17 19:54:53.326,"433",,
03/03/17 19:54:54.326,"433",,
03/03/17 19:54:55.326,"432",,
03/03/17 19:54:56.326,"432",,
03/03/17 19:54:57.327,"433",,
03/03/17 19:54:58.327,"433",,
03/03/17 19:54:59.326,"433",,
03/03/17 19:55:00.326,"431",,
03/03/17 19:55:01.327,"431",,
03/03/17 19:55:02.326,"431",,
03/03/17 19:55:03.327,"431",,
03/03/17 19:55:04.326,"430",,
03/03/17 19:55:05.326,"431",,
03/03/17 19:55:06.326,"432",,
03/03/17 19:55:07.326,"432",,
03/03/17 19:55:08.326,"432",,
03/03/17 19:55:09.327,"432",,
03/03/17 19:55:10.326,"433",,
03/03/17 19:55:11.326,"432",,
03/03/17 19:55:12.326,"431",,
03/03/17 19:55:13.326,"432",,
03/03/17 19:55:14.326,"433",,
03/03/17 19:55:15.326,"433",,
03/03/17 19:55:16.326,"434",,
03/03/17 19:55:17.326,"434",,
03/03/17 19:55:18.327,"434",,
03/03/17 19:55:19.326,"434",,
03/03/17 19:55:19.326,"434",,
03/03/17 19:55:20.326,"434",,
03/03/17 19:55:21.326,"434",,
03/03/17 19:55:22.326,"435",,
03/03/17 19:55:23.326,"435",,
03/03/17 19:55:24.327,"435",,
03/03/17 19:55:25.326,"435",,
03/03/17 19:55:26.327,"435",,
03/03/17 19:55:27.326,"435",,
03/03/17 19:55:28.326,"435",,
03/03/17 19:55:29.326,"435",,
03/03/17 19:55:30.326,"435",,
03/03/17 19:55:31.326,"436",,
03/03/17 19:55:32.326,"435",,
03/03/17 19:55:33.326,"436",,
03/03/17 19:55:34.327,"435",,
03/03/17 19:55:35.326,"434",,
03/03/17 19:55:36.326,"434",,
03/03/17 19:55:37.326,"435",,
03/03/17 19:55:38.326,"435",,
03/03/17 19:55:39.326,"436",,
03/03/17 19:55:40.326,"436",,
03/03/17 19:55:41.326,"436",,
03/03/17 19:55:42.326,"436",,
03/03/17 19:55:43.326,"435",,
03/03/17 19:55:44.326,"435",,
03/03/17 19:55:45.326,"435",,
03/03/17 19:55:46.326,"434",,
03/03/17 19:55:47.326,"434",,
03/03/17 19:55:48.326,"435",,
03/03/17 19:55:49.326,"435",,
03/03/17 19:55:50.326,"435",,
03/03/17 19:55:51.326,"435",,
03/03/17 19:55:52.327,"432",,
03/03/17 19:55:53.326,"430",,
03/03/17 19:55:54.326,"430",,
03/03/17 19:55:55.326,"430",,
03/03/17 19:55:56.326,"429",,
03/03/17 19:55:57.326,"428",,
03/03/17 19:55:58.326,"428",,
03/03/17 19:55:59.326,"429",,
03/03/17 19:56:00.326,"430",,
03/03/17 19:56:01.326,"431",,
03/03/17 19:56:02.326,"431",,
03/03/17 19:56:03.326,"431",,
03/03/17 19:56:04.326,"432",,
03/03/17 19:56:05.326,"432",,
03/03/17 19:56:06.326,"434",,
03/03/17 19:56:07.326,"434",,
03/03/17 19:56:08.326,"433",,
03/03/17 19:56:09.327,"433",,
03/03/17 19:56:10.327,"434",,
03/03/17 19:56:10.327,"434",,
03/03/17 19:56:11.326,"434",,
03/03/17 19:56:12.326,"434",,
03/03/17 19:56:13.326,"434",,
03/03/17 19:56:14.326,"435",,
03/03/17 19:56:15.326,"434",,
03/03/17 19:56:16.326,"434",,
03/03/17 19:56:17.326,"434",,
03/03/17 19:56:18.326,"433",,
03/03/17 19:56:19.327,"433",,
03/03/17 19:56:20.326,"432",,
03/03/17 19:56:21.326,"433",,
03/03/17 19:56:22.326,"433",,
03/03/17 19:56:23.327,"434",,
03/03/17 19:56:24.327,"435",,
03/03/17 19:56:25.326,"435",,
03/03/17 19:56:26.326,"434",,
03/03/17 19:56:27.326,"431",,
03/03/17 19:56:28.326,"430",,
03/03/17 19:56:29.326,"429",,
03/03/17 19:56:30.326,"428",,
03/03/17 19:56:31.326,"429",,
03/03/17 19:56:32.327,"429",,
03/03/17 19:56:33.326,"426",,
03/03/17 19:56:34.326,"424",,
03/03/17 19:56:35.326,"425",,
03/03/17 19:56:36.326,"427",,
03/03/17 19:56:37.326,"427",,
03/03/17 19:56:38.326,"427",,
03/03/17 19:56:39.327,"428",,
03/03/17 19:56:40.326,"427",,
03/03/17 19:56:41.326,"427",,
03/03/17 19:56:42.326,"428",,
03/03/17 19:56:43.326,"428",,
03/03/17 19:56:44.326,"428",,
03/03/17 19:56:45.326,"429",,
03/03/17 19:56:46.326,"430",,
03/03/17 19:56:47.326,"431",,
03/03/17 19:56:48.326,"432",,
03/03/17 19:56:49.326,"432",,
03/03/17 19:56:50.326,"432",,
03/03/17 19:56:51.326,"433",,
03/03/17 19:56:52.326,"434",,
03/03/17 19:56:53.326,"435",,
03/03/17 19:56:54.326,"436",,
03/03/17 19:56:55.327,"436",,
03/03/17 19:56:56.326,"435",,
03/03/17 19:56:57.326,"435",,
03/03/17 19:56:58.326,"435",,
03/03/17 19:56:59.327,"435",,
03/03/17 19:57:00.326,"434",,
03/03/17 19:57:01.326,"433",,
03/03/17 19:57:01.326,"433",,
03/03/17 19:57:02.326,"433",,
03/03/17 19:57:03.326,"433",,
03/03/17 19:57:04.326,"433",,
03/03/17 19:57:05.326,"433",,
03/03/17 19:57:06.326,"433",,
03/03/17 19:57:07.326,"433",,
03/03/17 19:57:08.326,"433",,
03/03/17 19:57:09.326,"434",,
03/03/17 19:57:10.326,"433",,
03/03/17 19:57:11.326,"431",,
03/03/17 19:57:12.326,"431",,
03/03/17 19:57:13.326,"431",,
03/03/17 19:57:14.326,"430",,
03/03/17 19:57:15.326,"430",,
03/03/17 19:57:16.326,"430",,
03/03/17 19:57:17.326,"430",,
03/03/17 19:57:18.326,"431",,
03/03/17 19:57:19.326,"432",,
03/03/17 19:57:20.326,"433",,
03/03/17 19:57:21.326,"433",,
03/03/17 19:57:22.326,"432",,
03/03/17 19:57:23.327,"431",,
03/03/17 19:57:24.326,"429",,
03/03/17 19:57:25.326,"429",,
03/03/17 19:57:26.326,"429",,
03/03/17 19:57:27.326,"430",,
03/03/17 19:57:28.326,"430",,
03/03/17 19:57:29.326,"430",,
03/03/17 19:57:30.326,"431",,
03/03/17 19:57:31.327,"430",,
03/03/17 19:57:32.326,"430",,
03/03/17 19:57:33.326,"430",,
03/03/17 19:57:34.326,"430",,
03/03/17 19:57:35.326,"430",,
03/03/17 19:57:36.326,"430",,
03/03/17 19:57:37.326,"430",,
03/03/17 19:57:38.326,"430",,
03/03/17 19:57:39.326,"430",,
03/03/17 19:57:40.326,"430",,
03/03/17 19:57:41.326,"431",,
03/03/17 19:57:42.326,"431",,
03/03/17 19:57:43.326,"431",,
03/03/17 19:57:44.327,"432",,
03/03/17 19:57:45.326,"432",,
03/03/17 19:57:46.326,"432",,
03/03/17 19:57:47.326,"431",,
03/03/17 19:57:48.326,"432",,
03/03/17 19:57:49.327,"431",,
03/03/17 19:57:50.326,"431",,
03/03/17 19:57:51.326,"431",,
03/03/17 19:57:52.327,"432",,
03/03/17 19:57:52.327,"432",,
03/03/17 19:57:53.326,"432",,
03/03/17 19:57:54.327,"432",,
03/03/17 19:57:55.326,"432",,
03/03/17 19:57:56.327,"432",,
03/03/17 19:57:57.326,"432",,
03/03/17 19:57:58.327,"432",,
03/03/17 19:57:59.326,"432",,
03/03/17 19:58:00.326,"432",,
03/03/17 19:58:01.326,"432",,
03/03/17 19:58:02.326,"433",,
03/03/17 19:58:03.326,"432",,
03/03/17 19:58:04.326,"432",,
03/03/17 19:58:05.326,"432",,
03/03/17 19:58:06.326,"432",,
03/03/17 19:58:07.326,"433",,
03/03/17 19:58:08.326,"433",,
03/03/17 19:58:09.326,"434",,
03/03/17 19:58:10.326,"434",,
03/03/17 19:58:11.326,"433",,
03/03/17 19:58:12.326,"434",,
03/03/17 19:58:13.326,"434",,
03/03/17 19:58:14.327,"434",,
03/03/17 19:58:15.326,"434",,
03/03/17 19:58:16.326,"434",,
03/03/17 19:58:17.326,"434",,
03/03/17 19:58:18.326,"434",,
03/03/17 19:58:19.326,"434",,
03/03/17 19:58:20.326,"434",,
03/03/17 19:58:21.326,"434",,
03/03/17 19:58:22.326,"434",,
03/03/17 19:58:23.326,"434",,
03/03/17 19:58:24.326,"434",,
03/03/17 19:58:25.327,"434",,
03/03/17 19:58:26.326,"434",,
03/03/17 19:58:27.326,"434",,
03/03/17 19:58:28.326,"433",,
03/03/17 19:58:29.326,"432",,
03/03/17 19:58:30.326,"433",,
03/03/17 19:58:31.326,"434",,
03/03/17 19:58:32.326,"434",,
03/03/17 19:58:33.326,"434",,
03/03/17 19:58:34.326,"435",,
03/03/17 19:58:35.326,"435",,
03/03/17 19:58:36.327,"436",,
03/03/17 19:58:37.326,"436",,
03/03/17 19:58:38.326,"436",,
03/03/17 19:58:39.326,"437",,
03/03/17 19:58:40.326,"437",,
03/03/17 19:58:41.326,"436",,
03/03/17 19:58:42.326,"436",,
03/03/17 19:58:43.326,"436",,
03/03/17 19:58:43.326,"436",,
03/03/17 19:58:44.326,"436",,
03/03/17 19:58:45.326,"437",,
03/03/17 19:58:46.326,"437",,
03/03/17 19:58:47.326,"438",,
03/03/17 19:58:48.326,"437",,
03/03/17 19:58:49.327,"437",,
03/03/17 19:58:50.326,"436",,
03/03/17 19:58:51.326,"435",,
03/03/17 19:58:52.327,"435",,
03/03/17 19:58:53.326,"436",,
03/03/17 19:58:54.326,"437",,
03/03/17 19:58:55.326,"437",,
03/03/17 19:58:56.326,"437",,
03/03/17 19:58:57.326,"437",,
03/03/17 19:58:58.326,"436",,
03/03/17 19:58:59.326,"435",,
03/03/17 19:59:00.326,"435",,
03/03/17 19:59:01.326,"434",,
03/03/17 19:59:02.326,"435",,
03/03/17 19:59:03.326,"435",,
03/03/17 19:59:04.326,"435",,
03/03/17 19:59:05.326,"435",,
03/03/17 19:59:06.326,"436",,
03/03/17 19:59:07.326,"436",,
03/03/17 19:59:08.326,"436",,
03/03/17 19:59:09.326,"436",,
03/03/17 19:59:10.326,"436",,
03/03/17 19:59:11.326,"436",,
03/03/17 19:59:12.326,"436",,
03/03/17 19:59:13.326,"436",,
03/03/17 19:59:14.326,"435",,
03/03/17 19:59:15.326,"435",,
03/03/17 19:59:16.326,"435",,
03/03/17 19:59:17.326,"435",,
03/03/17 19:59:18.326,"435",,
03/03/17 19:59:19.326,"436",,
03/03/17 19:59:20.327,"436",,
03/03/17 19:59:21.326,"436",,
03/03/17 19:59:22.326,"436",,
03/03/17 19:59:23.326,"437",,
03/03/17 19:59:24.327,"437",,
03/03/17 19:59:25.326,"436",,
03/03/17 19:59:26.326,"435",,
03/03/17 19:59:27.326,"436",,
03/03/17 19:59:28.326,"436",,
03/03/17 19:59:29.326,"437",,
03/03/17 19:59:30.326,"437",,
03/03/17 19:59:31.326,"438",,
03/03/17 19:59:32.326,"439",,
03/03/17 19:59:33.326,"439",,
03/03/17 19:59:34.326,"439",,
03/03/17 19:59:34.326,"439",,
03/03/17 19:59:35.326,"439",,
03/03/17 19:59:36.326,"438",,
03/03/17 19:59:37.326,"435",,
03/03/17 19:59:38.326,"436",,
03/03/17 19:59:39.326,"436",,
03/03/17 19:59:40.326,"437",,
03/03/17 19:59:41.326,"436",,
03/03/17 19:59:42.326,"436",,
03/03/17 19:59:43.326,"433",,
03/03/17 19:59:44.326,"433",,
03/03/17 19:59:45.327,"434",,
03/03/17 19:59:46.326,"434",,
03/03/17 19:59:47.326,"435",,
03/03/17 19:59:48.326,"434",,
03/03/17 19:59:49.326,"435",,
03/03/17 19:59:50.326,"435",,
03/03/17 19:59:51.326,"435",,
03/03/17 19:59:52.326,"435",,
03/03/17 19:59:53.326,"435",,
03/03/17 19:59:54.326,"436",,
03/03/17 19:59:55.326,"436",,
03/03/17 19:59:56.326,"436",,
03/03/17 19:59:57.326,"435",,
03/03/17 19:59:58.326,"434",,
03/03/17 19:59:59.326,"433",,
03/03/17 20:00:00.326,"432",,
03/03/17 20:00:01.326,"431",,
03/03/17 20:00:02.326,"432",,
03/03/17 20:00:03.327,"432",,
03/03/17 20:00:04.326,"432",,
03/03/17 20:00:05.327,"432",,
03/03/17 20:00:06.327,"432",,
03/03/17 20:00:07.326,"430",,
03/03/17 20:00:08.326,"427",,
03/03/17 20:00:09.328,"428",,
03/03/17 20:00:10.326,"428",,
03/03/17 20:00:11.327,"428",,
03/03/17 20:00:12.326,"428",,
03/03/17 20:00:13.327,"428",,
03/03/17 20:00:14.326,"428",,
03/03/17 20:00:15.327,"428",,
03/03/17 20:00:16.328,"428",,
03/03/17 20:00:17.326,"428",,
03/03/17 20:00:18.326,"428",,
03/03/17 20:00:19.327,"429",,
03/03/17 20:00:20.326,"429",,
03/03/17 20:00:21.326,"430",,
03/03/17 20:00:22.327,"430",,
03/03/17 20:00:23.328,"430",,
03/03/17 20:00:24.327,"430",,
03/03/17 20:00:25.326,"431",,
03/03/17 20:00:25.326,"431",,
03/03/17 20:00:26.327,"430",,
03/03/17 20:00:27.327,"431",,
03/03/17 20:00:28.327,"431",,
03/03/17 20:00:29.326,"431",,
03/03/17 20:00:30.326,"431",,
03/03/17 20:00:31.327,"432",,
03/03/17 20:00:32.328,"432",,
03/03/17 20:00:33.326,"433",,
03/03/17 20:00:34.327,"434",,
03/03/17 20:00:35.327,"435",,
03/03/17 20:00:36.326,"435",,
03/03/17 20:00:37.327,"436",,
03/03/17 20:00:38.326,"437",,
03/03/17 20:00:39.326,"437",,
03/03/17 20:00:40.326,"438",,
03/03/17 20:00:41.326,"438",,
03/03/17 20:00:42.327,"438",,
03/03/17 20:00:43.329,"439",,
03/03/17 20:00:44.328,"438",,
03/03/17 20:00:45.328,"437",,
03/03/17 20:00:46.326,"436",,
03/03/17 20:00:47.327,"436",,
03/03/17 20:00:48.327,"436",,
03/03/17 20:00:49.326,"437",,
03/03/17 20:00:50.327,"438",,
03/03/17 20:00:51.327,"438",,
03/03/17 20:00:52.328,"437",,
03/03/17 20:00:53.327,"438",,
03/03/17 20:00:54.326,"437",,
03/03/17 20:00:55.327,"436",,
03/03/17 20:00:56.327,"436",,
03/03/17 20:00:57.326,"436",,
03/03/17 20:00:58.326,"436",,
03/03/17 20:00:59.327,"437",,
03/03/17 20:01:00.327,"437",,
03/03/17 20:01:01.327,"437",,
03/03/17 20:01:02.327,"437",,
03/03/17 20:01:03.328,"437",,
03/03/17 20:01:04.326,"438",,
03/03/17 20:01:05.327,"438",,
03/03/17 20:01:06.327,"438",,
03/03/17 20:01:07.326,"438",,
03/03/17 20:01:08.327,"438",,
03/03/17 20:01:09.326,"439",,
03/03/17 20:01:10.327,"439",,
03/03/17 20:01:11.326,"439",,
03/03/17 20:01:12.326,"437",,
03/03/17 20:01:13.327,"435",,
03/03/17 20:01:14.326,"434",,
03/03/17 20:01:15.326,"434",,
03/03/17 20:01:16.327,"434",,
03/03/17 20:01:16.327,"434",,
03/03/17 20:01:17.326,"432",,
03/03/17 20:01:18.327,"432",,
03/03/17 20:01:19.327,"432",,
03/03/17 20:01:20.327,"432",,
03/03/17 20:01:21.326,"432",,
03/03/17 20:01:22.327,"433",,
03/03/17 20:01:23.327,"433",,
03/03/17 20:01:24.327,"434",,
03/03/17 20:01:25.326,"434",,
03/03/17 20:01:26.326,"434",,
03/03/17 20:01:27.326,"435",,
03/03/17 20:01:28.326,"435",,
03/03/17 20:01:29.329,"435",,
03/03/17 20:01:30.326,"435",,
03/03/17 20:01:31.327,"435",,
03/03/17 20:01:32.327,"436",,
03/03/17 20:01:33.328,"436",,
03/03/17 20:01:34.326,"436",,
03/03/17 20:01:35.327,"436",,
03/03/17 20:01:36.328,"437",,
03/03/17 20:01:37.326,"437",,
03/03/17 20:01:38.327,"437",,
03/03/17 20:01:39.327,"437",,
03/03/17 20:01:40.326,"435",,
03/03/17 20:01:41.326,"434",,
03/03/17 20:01:42.326,"434",,
03/03/17 20:01:43.326,"434",,
03/03/17 20:01:44.326,"435",,
03/03/17 20:01:45.327,"436",,
03/03/17 20:01:46.326,"437",,
03/03/17 20:01:47.326,"437",,
03/03/17 20:01:48.327,"437",,
03/03/17 20:01:49.327,"436",,
03/03/17 20:01:50.327,"436",,
03/03/17 20:01:51.326,"436",,
03/03/17 20:01:52.326,"436",,
03/03/17 20:01:53.327,"436",,
03/03/17 20:01:54.327,"437",,
03/03/17 20:01:55.326,"437",,
03/03/17 20:01:56.326,"437",,
03/03/17 20:01:57.326,"435",,
03/03/17 20:01:58.326,"435",,
03/03/17 20:01:59.327,"435",,
03/03/17 20:02:00.326,"434",,
03/03/17 20:02:01.326,"434",,
03/03/17 20:02:02.326,"434",,
03/03/17 20:02:03.326,"435",,
03/03/17 20:02:04.326,"435",,
03/03/17 20:02:05.327,"434",,
03/03/17 20:02:06.327,"434",,
03/03/17 20:02:07.326,"434",,
03/03/17 20:02:07.326,"434",,
03/03/17 20:02:08.326,"434",,
03/03/17 20:02:09.327,"434",,
03/03/17 20:02:10.326,"433",,
03/03/17 20:02:11.326,"434",,
03/03/17 20:02:12.326,"433",,
03/03/17 20:02:13.326,"433",,
03/03/17 20:02:14.326,"432",,
03/03/17 20:02:15.326,"432",,
03/03/17 20:02:16.326,"432",,
03/03/17 20:02:17.326,"432",,
03/03/17 20:02:18.326,"430",,
03/03/17 20:02:19.326,"429",,
03/03/17 20:02:20.326,"429",,
03/03/17 20:02:21.326,"429",,
03/03/17 20:02:22.326,"431",,
03/03/17 20:02:23.326,"432",,
03/03/17 20:02:24.326,"431",,
03/03/17 20:02:25.326,"431",,
03/03/17 20:02:26.326,"430",,
03/03/17 20:02:27.326,"429",,
03/03/17 20:02:28.326,"428",,
03/03/17 20:02:29.326,"430",,
03/03/17 20:02:30.326,"430",,
03/03/17 20:02:31.326,"431",,
03/03/17 20:02:32.326,"431",,
03/03/17 20:02:33.326,"430",,
03/03/17 20:02:34.326,"431",,
03/03/17 20:02:35.326,"431",,
03/03/17 20:02:36.326,"430",,
03/03/17 20:02:37.326,"430",,
03/03/17 20:02:38.326,"430",,
03/03/17 20:02:39.327,"430",,
03/03/17 20:02:40.326,"430",,
03/03/17 20:02:41.326,"431",,
03/03/17 20:02:42.326,"430",,
03/03/17 20:02:43.326,"429",,
03/03/17 20:02:44.326,"429",,
03/03/17 20:02:45.326,"426",,
03/03/17 20:02:46.326,"425",,
03/03/17 20:02:47.326,"426",,
03/03/17 20:02:48.326,"426",,
03/03/17 20:02:49.326,"427",,
03/03/17 20:02:50.326,"429",,
03/03/17 20:02:51.327,"429",,
03/03/17 20:02:52.326,"430",,
03/03/17 20:02:53.326,"432",,
03/03/17 20:02:54.327,"432",,
03/03/17 20:02:55.326,"431",,
03/03/17 20:02:56.326,"429",,
03/03/17 20:02:57.326,"430",,
03/03/17 20:02:58.326,"431",,
03/03/17 20:02:58.326,"431",,
03/03/17 20:02:59.326,"430",,
03/03/17 20:03:00.326,"430",,
03/03/17 20:03:01.326,"431",,
03/03/17 20:03:02.326,"431",,
03/03/17 20:03:03.326,"431",,
03/03/17 20:03:04.326,"431",,
03/03/17 20:03:05.326,"430",,
03/03/17 20:03:06.326,"431",,
03/03/17 20:03:07.326,"431",,
03/03/17 20:03:08.326,"431",,
03/03/17 20:03:09.326,"431",,
03/03/17 20:03:10.326,"431",,
03/03/17 20:03:11.327,"430",,
03/03/17 20:03:12.326,"430",,
03/03/17 20:03:13.326,"430",,
03/03/17 20:03:14.326,"430",,
03/03/17 20:03:15.326,"430",,
03/03/17 20:03:16.326,"430",,
03/03/17 20:03:17.326,"430",,
03/03/17 20:03:18.326,"430",,
03/03/17 20:03:19.327,"431",,
03/03/17 20:03:20.326,"431",,
03/03/17 20:03:21.326,"431",,
03/03/17 20:03:22.326,"431",,
03/03/17 20:03:23.326,"431",,
03/03/17 20:03:24.326,"430",,
03/03/17 20:03:25.326,"431",,
03/03/17 20:03:26.326,"431",,
03/03/17 20:03:27.326,"433",,
03/03/17 20:03:28.326,"432",,
03/03/17 20:03:29.326,"433",,
03/03/17 20:03:30.326,"433",,
03/03/17 20:03:31.326,"433",,
03/03/17 20:03:32.326,"431",,
03/03/17 20:03:33.326,"431",,
03/03/17 20:03:34.326,"431",,
03/03/17 20:03:35.326,"431",,
03/03/17 20:03:36.326,"432",,
03/03/17 20:03:37.326,"431",,
03/03/17 20:03:38.326,"431",,
03/03/17 20:03:39.327,"430",,
03/03/17 20:03:40.326,"432",,
03/03/17 20:03:41.326,"432",,
03/03/17 20:03:42.326,"432",,
03/03/17 20:03:43.326,"432",,
03/03/17 20:03:44.326,"432",,
03/03/17 20:03:45.326,"432",,
03/03/17 20:03:46.326,"432",,
03/03/17 20:03:47.326,"432",,
03/03/17 20:03:48.326,"432",,
03/03/17 20:03:49.326,"432",,
03/03/17 20:03:49.326,"432",,
03/03/17 20:03:50.326,"431",,
03/03/17 20:03:51.326,"430",,
03/03/17 20:03:52.326,"431",,
03/03/17 20:03:53.326,"431",,
03/03/17 20:03:54.326,"430",,
03/03/17 20:03:55.326,"430",,
03/03/17 20:03:56.326,"430",,
03/03/17 20:03:57.326,"431",,
03/03/17 20:03:58.326,"431",,
03/03/17 20:03:59.326,"431",,
03/03/17 20:04:00.326,"432",,
03/03/17 20:04:01.326,"432",,
03/03/17 20:04:02.327,"432",,
03/03/17 20:04:03.326,"433",,
03/03/17 20:04:04.326,"432",,
03/03/17 20:04:05.326,"431",,
03/03/17 20:04:06.326,"431",,
03/03/17 20:04:07.326,"431",,
03/03/17 20:04:08.326,"431",,
03/03/17 20:04:09.326,"431",,
03/03/17 20:04:10.326,"431",,
03/03/17 20:04:11.326,"429",,
03/03/17 20:04:12.326,"429",,
03/03/17 20:04:13.326,"429",,
03/03/17 20:04:14.326,"429",,
03/03/17 20:04:15.326,"429",,
03/03/17 20:04:16.326,"429",,
03/03/17 20:04:17.326,"430",,
03/03/17 20:04:18.326,"430",,
03/03/17 20:04:19.326,"432",,
03/03/17 20:04:20.326,"433",,
03/03/17 20:04:21.326,"434",,
03/03/17 20:04:22.326,"434",,
03/03/17 20:04:23.326,"435",,
03/03/17 20:04:24.326,"434",,
03/03/17 20:04:25.326,"434",,
03/03/17 20:04:26.326,"435",,
03/03/17 20:04:27.326,"435",,
03/03/17 20:04:28.326,"436",,
03/03/17 20:04:29.326,"434",,
03/03/17 20:04:30.327,"434",,
03/03/17 20:04:31.326,"432",,
03/03/17 20:04:32.326,"432",,
03/03/17 20:04:33.327,"432",,
03/03/17 20:04:34.326,"431",,
03/03/17 20:04:35.326,"431",,
03/03/17 20:04:36.326,"432",,
03/03/17 20:04:37.326,"432",,
03/03/17 20:04:38.326,"433",,
03/03/17 20:04:39.326,"433",,
03/03/17 20:04:40.326,"432",,
03/03/17 20:04:40.326,"432",,
03/03/17 20:04:41.326,"432",,
03/03/17 20:04:42.326,"434",,
03/03/17 20:04:43.326,"434",,
03/03/17 20:04:44.327,"434",,
03/03/17 20:04:45.326,"433",,
03/03/17 20:04:46.327,"433",,
03/03/17 20:04:47.326,"433",,
03/03/17 20:04:48.326,"433",,
03/03/17 20:04:49.326,"433",,
03/03/17 20:04:50.374,"433",,
03/03/17 20:04:51.326,"433",,
03/03/17 20:04:52.326,"433",,
03/03/17 20:04:53.326,"430",,
03/03/17 20:04:54.387,"430",,
03/03/17 20:04:55.326,"430",,
03/03/17 20:04:56.326,"430",,
03/03/17 20:04:57.326,"429",,
03/03/17 20:04:58.326,"430",,
03/03/17 20:04:59.326,"430",,
03/03/17 20:05:00.327,"432",,
03/03/17 20:05:01.326,"432",,
03/03/17 20:05:02.326,"431",,
03/03/17 20:05:03.326,"431",,
03/03/17 20:05:04.326,"431",,
03/03/17 20:05:05.326,"431",,
03/03/17 20:05:06.326,"431",,
03/03/17 20:05:07.326,"432",,
03/03/17 20:05:08.326,"433",,
03/03/17 20:05:09.326,"432",,
03/03/17 20:05:10.326,"433",,
03/03/17 20:05:11.326,"432",,
03/03/17 20:05:12.326,"432",,
03/03/17 20:05:13.326,"432",,
03/03/17 20:05:14.326,"432",,
03/03/17 20:05:15.326,"432",,
03/03/17 20:05:16.326,"433",,
03/03/17 20:05:17.326,"433",,
03/03/17 20:05:18.326,"433",,
03/03/17 20:05:19.326,"431",,
03/03/17 20:05:20.326,"430",,
03/03/17 20:05:21.326,"430",,
03/03/17 20:05:22.326,"430",,
03/03/17 20:05:23.326,"431",,
03/03/17 20:05:24.326,"432",,
03/03/17 20:05:25.326,"432",,
03/03/17 20:05:26.327,"433",,
03/03/17 20:05:27.326,"433",,
03/03/17 20:05:28.327,"432",,
03/03/17 20:05:29.327,"432",,
03/03/17 20:05:30.326,"431",,
03/03/17 20:05:31.326,"431",,
03/03/17 20:05:31.326,"431",,
03/03/17 20:05:32.326,"432",,
03/03/17 20:05:33.326,"432",,
03/03/17 20:05:34.326,"433",,
03/03/17 20:05:35.326,"433",,
03/03/17 20:05:36.326,"433",,
03/03/17 20:05:37.326,"433",,
03/03/17 20:05:38.326,"433",,
03/03/17 20:05:39.326,"434",,
03/03/17 20:05:40.326,"434",,
03/03/17 20:05:41.326,"434",,
03/03/17 20:05:42.326,"434",,
03/03/17 20:05:43.326,"434",,
03/03/17 20:05:44.326,"434",,
03/03/17 20:05:45.326,"434",,
03/03/17 20:05:46.326,"434",,
03/03/17 20:05:47.326,"434",,
03/03/17 20:05:48.326,"434",,
03/03/17 20:05:49.326,"434",,
03/03/17 20:05:50.326,"434",,
03/03/17 20:05:51.326,"434",,
03/03/17 20:05:52.326,"435",,
03/03/17 20:05:53.326,"434",,
03/03/17 20:05:54.326,"434",,
03/03/17 20:05:55.326,"434",,
03/03/17 20:05:56.326,"435",,
03/03/17 20:05:57.326,"435",,
03/03/17 20:05:58.326,"434",,
03/03/17 20:05:59.326,"435",,
03/03/17 20:06:00.326,"435",,
03/03/17 20:06:01.327,"436",,
03/03/17 20:06:02.326,"436",,
03/03/17 20:06:03.326,"436",,
03/03/17 20:06:04.326,"435",,
03/03/17 20:06:05.326,"434",,
03/03/17 20:06:06.326,"433",,
03/03/17 20:06:07.326,"434",,
03/03/17 20:06:08.326,"433",,
03/03/17 20:06:09.326,"432",,
03/03/17 20:06:10.327,"432",,
03/03/17 20:06:11.326,"431",,
03/03/17 20:06:12.326,"431",,
03/03/17 20:06:13.326,"430",,
03/03/17 20:06:14.326,"430",,
03/03/17 20:06:15.326,"430",,
03/03/17 20:06:16.326,"431",,
03/03/17 20:06:17.326,"431",,
03/03/17 20:06:18.326,"432",,
03/03/17 20:06:19.326,"432",,
03/03/17 20:06:20.326,"433",,
03/03/17 20:06:21.326,"433",,
03/03/17 20:06:22.326,"434",,
03/03/17 20:06:22.326,"434",,
03/03/17 20:06:23.326,"434",,
03/03/17 20:06:24.326,"434",,
03/03/17 20:06:25.326,"434",,
03/03/17 20:06:26.326,"433",,
03/03/17 20:06:27.326,"433",,
03/03/17 20:06:28.326,"432",,
03/03/17 20:06:29.326,"432",,
03/03/17 20:06:30.326,"430",,
03/03/17 20:06:31.326,"428",,
03/03/17 20:06:32.326,"428",,
03/03/17 20:06:33.326,"429",,
03/03/17 20:06:34.327,"429",,
03/03/17 20:06:35.326,"429",,
03/03/17 20:06:36.326,"428",,
03/03/17 20:06:37.326,"429",,
03/03/17 20:06:38.327,"430",,
03/03/17 20:06:39.326,"430",,
03/03/17 20:06:40.326,"430",,
03/03/17 20:06:41.326,"430",,
03/03/17 20:06:42.326,"429",,
03/03/17 20:06:43.326,"429",,
03/03/17 20:06:44.326,"430",,
03/03/17 20:06:45.326,"430",,
03/03/17 20:06:46.326,"430",,
03/03/17 20:06:47.343,"430",,
03/03/17 20:06:48.326,"426",,
03/03/17 20:06:49.326,"426",,
03/03/17 20:06:50.326,"428",,
03/03/17 20:06:51.342,"428",,
03/03/17 20:06:52.326,"430",,
03/03/17 20:06:53.326,"430",,
03/03/17 20:06:54.326,"430",,
03/03/17 20:06:55.326,"430",,
03/03/17 20:06:56.326,"431",,
03/03/17 20:06:57.326,"432",,
03/03/17 20:06:58.326,"432",,
03/03/17 20:06:59.326,"432",,
03/03/17 20:07:00.326,"432",,
03/03/17 20:07:01.326,"432",,
03/03/17 20:07:02.326,"432",,
03/03/17 20:07:03.326,"432",,
03/03/17 20:07:04.326,"432",,
03/03/17 20:07:05.326,"432",,
03/03/17 20:07:06.326,"433",,
03/03/17 20:07:07.326,"433",,
03/03/17 20:07:08.326,"433",,
03/03/17 20:07:09.326,"433",,
03/03/17 20:07:10.326,"433",,
03/03/17 20:07:11.326,"434",,
03/03/17 20:07:12.327,"434",,
03/03/17 20:07:13.326,"434",,
03/03/17 20:07:13.326,"434",,
03/03/17 20:07:14.487,"434",,
03/03/17 20:07:15.326,"434",,
03/03/17 20:07:16.326,"435",,
03/03/17 20:07:17.326,"434",,
03/03/17 20:07:18.326,"433",,
03/03/17 20:07:19.326,"432",,
03/03/17 20:07:20.326,"432",,
03/03/17 20:07:21.326,"431",,
03/03/17 20:07:22.326,"432",,
03/03/17 20:07:23.326,"431",,
03/03/17 20:07:24.326,"431",,
03/03/17 20:07:25.326,"431",,
03/03/17 20:07:26.326,"431",,
03/03/17 20:07:27.326,"431",,
03/03/17 20:07:28.326,"430",,
03/03/17 20:07:29.326,"430",,
03/03/17 20:07:30.326,"430",,
03/03/17 20:07:31.326,"430",,
03/03/17 20:07:32.327,"430",,
03/03/17 20:07:33.326,"429",,
03/03/17 20:07:34.326,"430",,
03/03/17 20:07:35.326,"429",,
03/03/17 20:07:36.327,"429",,
03/03/17 20:07:37.326,"428",,
03/03/17 20:07:38.326,"428",,
03/03/17 20:07:39.326,"429",,
03/03/17 20:07:40.326,"428",,
03/03/17 20:07:41.326,"428",,
03/03/17 20:07:42.326,"428",,
03/03/17 20:07:43.327,"428",,
03/03/17 20:07:44.326,"429",,
03/03/17 20:07:45.327,"430",,
03/03/17 20:07:46.326,"430",,
03/03/17 20:07:47.326,"430",,
03/03/17 20:07:48.326,"430",,
03/03/17 20:07:49.327,"429",,
03/03/17 20:07:50.327,"429",,
03/03/17 20:07:51.326,"429",,
03/03/17 20:07:52.326,"430",,
03/03/17 20:07:53.326,"429",,
03/03/17 20:07:54.326,"429",,
03/03/17 20:07:55.326,"430",,
03/03/17 20:07:56.326,"431",,
03/03/17 20:07:57.326,"430",,
03/03/17 20:07:58.326,"430",,
03/03/17 20:07:59.326,"429",,
03/03/17 20:08:00.326,"430",,
03/03/17 20:08:01.326,"430",,
03/03/17 20:08:02.326,"429",,
03/03/17 20:08:03.326,"430",,
03/03/17 20:08:04.326,"428",,
03/03/17 20:08:04.326,"428",,
03/03/17 20:08:05.326,"428",,
03/03/17 20:08:06.326,"429",,
03/03/17 20:08:07.326,"429",,
03/03/17 20:08:08.326,"430",,
03/03/17 20:08:09.326,"430",,
03/03/17 20:08:10.326,"429",,
03/03/17 20:08:11.326,"430",,
03/03/17 20:08:12.326,"430",,
03/03/17 20:08:13.326,"430",,
03/03/17 20:08:14.326,"430",,
03/03/17 20:08:15.326,"432",,
03/03/17 20:08:16.326,"432",,
03/03/17 20:08:17.326,"429",,
03/03/17 20:08:18.326,"430",,
03/03/17 20:08:19.326,"430",,
03/03/17 20:08:20.326,"431",,
03/03/17 20:08:21.326,"432",,
03/03/17 20:08:22.326,"430",,
03/03/17 20:08:23.326,"430",,
03/03/17 20:08:24.326,"430",,
03/03/17 20:08:25.326,"430",,
03/03/17 20:08:26.326,"430",,
03/03/17 20:08:27.326,"431",,
03/03/17 20:08:28.326,"430",,
03/03/17 20:08:29.326,"430",,
03/03/17 20:08:30.326,"430",,
03/03/17 20:08:31.326,"430",,
03/03/17 20:08:32.326,"430",,
03/03/17 20:08:33.327,"429",,
03/03/17 20:08:34.326,"429",,
03/03/17 20:08:35.326,"430",,
03/03/17 20:08:36.326,"430",,
03/03/17 20:08:37.327,"429",,
03/03/17 20:08:38.326,"430",,
03/03/17 20:08:39.326,"430",,
03/03/17 20:08:40.326,"429",,
03/03/17 20:08:41.326,"429",,
03/03/17 20:08:42.326,"429",,
03/03/17 20:08:43.326,"429",,
03/03/17 20:08:44.326,"430",,
03/03/17 20:08:45.326,"430",,
03/03/17 20:08:46.326,"430",,
03/03/17 20:08:47.326,"430",,
03/03/17 20:08:48.326,"430",,
03/03/17 20:08:49.326,"430",,
03/03/17 20:08:50.326,"429",,
03/03/17 20:08:51.326,"430",,
03/03/17 20:08:52.326,"430",,
03/03/17 20:08:53.326,"430",,
03/03/17 20:08:54.326,"430",,
03/03/17 20:08:55.326,"431",,
03/03/17 20:08:55.326,"431",,
03/03/17 20:08:56.326,"430",,
03/03/17 20:08:57.326,"430",,
03/03/17 20:08:58.326,"430",,
03/03/17 20:08:59.327,"431",,
03/03/17 20:09:00.326,"431",,
03/03/17 20:09:01.326,"431",,
03/03/17 20:09:02.326,"431",,
03/03/17 20:09:03.326,"432",,
03/03/17 20:09:04.326,"432",,
03/03/17 20:09:05.326,"432",,
03/03/17 20:09:06.326,"432",,
03/03/17 20:09:07.326,"432",,
03/03/17 20:09:08.326,"433",,
03/03/17 20:09:09.326,"433",,
03/03/17 20:09:10.326,"433",,
03/03/17 20:09:11.326,"433",,
03/03/17 20:09:12.326,"434",,
03/03/17 20:09:13.326,"434",,
03/03/17 20:09:14.326,"434",,
03/03/17 20:09:15.326,"433",,
03/03/17 20:09:16.326,"433",,
03/03/17 20:09:17.326,"434",,
03/03/17 20:09:18.326,"434",,
03/03/17 20:09:19.326,"435",,
03/03/17 20:09:20.326,"434",,
03/03/17 20:09:21.326,"434",,
03/03/17 20:09:22.326,"434",,
03/03/17 20:09:23.326,"434",,
03/03/17 20:09:24.326,"434",,
03/03/17 20:09:25.326,"434",,
03/03/17 20:09:26.326,"434",,
03/03/17 20:09:27.326,"434",,
03/03/17 20:09:28.326,"434",,
03/03/17 20:09:29.326,"434",,
03/03/17 20:09:30.326,"434",,
03/03/17 20:09:31.326,"434",,
03/03/17 20:09:32.326,"434",,
03/03/17 20:09:33.326,"433",,
03/03/17 20:09:34.326,"432",,
03/03/17 20:09:35.326,"432",,
03/03/17 20:09:36.326,"433",,
03/03/17 20:09:37.326,"434",,
03/03/17 20:09:38.326,"434",,
03/03/17 20:09:39.326,"434",,
03/03/17 20:09:40.326,"431",,
03/03/17 20:09:41.326,"432",,
03/03/17 20:09:42.326,"431",,
03/03/17 20:09:43.326,"431",,
03/03/17 20:09:44.326,"431",,
03/03/17 20:09:45.326,"430",,
03/03/17 20:09:46.326,"429",,
03/03/17 20:09:46.326,"429",,
03/03/17 20:09:47.326,"425",,
03/03/17 20:09:48.326,"424",,
03/03/17 20:09:49.326,"424",,
03/03/17 20:09:50.326,"424",,
03/03/17 20:09:51.326,"425",,
03/03/17 20:09:52.326,"426",,
03/03/17 20:09:53.326,"427",,
03/03/17 20:09:54.326,"428",,
03/03/17 20:09:55.326,"429",,
03/03/17 20:09:56.326,"431",,
03/03/17 20:09:57.326,"431",,
03/03/17 20:09:58.326,"432",,
03/03/17 20:09:59.326,"432",,
03/03/17 20:10:00.326,"432",,
03/03/17 20:10:01.326,"432",,
03/03/17 20:10:02.326,"432",,
03/03/17 20:10:03.326,"432",,
03/03/17 20:10:04.326,"433",,
03/03/17 20:10:05.327,"430",,
03/03/17 20:10:06.326,"429",,
03/03/17 20:10:07.326,"428",,
03/03/17 20:10:08.326,"428",,
03/03/17 20:10:09.326,"428",,
03/03/17 20:10:10.326,"428",,
03/03/17 20:10:11.326,"429",,
03/03/17 20:10:12.327,"430",,
03/03/17 20:10:13.326,"428",,
03/03/17 20:10:14.326,"426",,
03/03/17 20:10:15.326,"426",,
03/03/17 20:10:16.326,"426",,
03/03/17 20:10:17.326,"426",,
03/03/17 20:10:18.326,"426",,
03/03/17 20:10:19.327,"427",,
03/03/17 20:10:20.326,"427",,
03/03/17 20:10:21.326,"428",,
03/03/17 20:10:22.326,"427",,
03/03/17 20:10:23.326,"427",,
03/03/17 20:10:24.326,"427",,
03/03/17 20:10:25.326,"428",,
03/03/17 20:10:26.326,"429",,
03/03/17 20:10:27.326,"429",,
03/03/17 20:10:28.326,"428",,
03/03/17 20:10:29.326,"429",,
03/03/17 20:10:30.326,"430",,
03/03/17 20:10:31.326,"430",,
03/03/17 20:10:32.326,"430",,
03/03/17 20:10:33.326,"431",,
03/03/17 20:10:34.326,"432",,
03/03/17 20:10:35.326,"433",,
03/03/17 20:10:36.326,"433",,
03/03/17 20:10:37.326,"430",,
03/03/17 20:10:37.326,"430",,
03/03/17 20:10:38.326,"429",,
03/03/17 20:10:39.326,"430",,
03/03/17 20:10:40.326,"431",,
03/03/17 20:10:41.326,"431",,
03/03/17 20:10:42.327,"431",,
03/03/17 20:10:43.326,"431",,
03/03/17 20:10:44.326,"432",,
03/03/17 20:10:45.326,"433",,
03/03/17 20:10:46.326,"431",,
03/03/17 20:10:47.326,"431",,
03/03/17 20:10:48.326,"429",,
03/03/17 20:10:49.326,"428",,
03/03/17 20:10:50.326,"428",,
03/03/17 20:10:51.326,"429",,
03/03/17 20:10:52.326,"429",,
03/03/17 20:10:53.326,"430",,
03/03/17 20:10:54.326,"429",,
03/03/17 20:10:55.326,"430",,
03/03/17 20:10:56.326,"430",,
03/03/17 20:10:57.326,"429",,
03/03/17 20:10:58.326,"429",,
03/03/17 20:10:59.327,"429",,
03/03/17 20:11:00.326,"429",,
03/03/17 20:11:01.326,"429",,
03/03/17 20:11:02.326,"430",,
03/03/17 20:11:03.326,"430",,
03/03/17 20:11:04.326,"430",,
03/03/17 20:11:05.326,"431",,
03/03/17 20:11:06.327,"432",,
03/03/17 20:11:07.326,"433",,
03/03/17 20:11:08.326,"433",,
03/03/17 20:11:09.326,"434",,
03/03/17 20:11:10.326,"433",,
03/03/17 20:11:11.326,"432",,
03/03/17 20:11:12.326,"432",,
03/03/17 20:11:13.326,"434",,
03/03/17 20:11:14.326,"434",,
03/03/17 20:11:15.327,"435",,
03/03/17 20:11:16.326,"435",,
03/03/17 20:11:17.326,"435",,
03/03/17 20:11:18.326,"436",,
03/03/17 20:11:19.326,"436",,
03/03/17 20:11:20.327,"436",,
03/03/17 20:11:21.326,"437",,
03/03/17 20:11:22.326,"435",,
03/03/17 20:11:23.327,"433",,
03/03/17 20:11:24.326,"433",,
03/03/17 20:11:25.326,"432",,
03/03/17 20:11:26.326,"431",,
03/03/17 20:11:27.326,"431",,
03/03/17 20:11:28.327,"433",,
03/03/17 20:11:28.327,"433",,
03/03/17 20:11:29.326,"432",,
03/03/17 20:11:30.326,"433",,
03/03/17 20:11:31.326,"433",,
03/03/17 20:11:32.326,"432",,
03/03/17 20:11:33.326,"433",,
03/03/17 20:11:34.326,"432",,
03/03/17 20:11:35.326,"432",,
03/03/17 20:11:36.326,"432",,
03/03/17 20:11:37.326,"432",,
03/03/17 20:11:38.326,"432",,
03/03/17 20:11:39.326,"432",,
03/03/17 20:11:40.326,"432",,
03/03/17 20:11:41.326,"433",,
03/03/17 20:11:42.327,"431",,
03/03/17 20:11:43.327,"429",,
03/03/17 20:11:44.326,"429",,
03/03/17 20:11:45.326,"429",,
03/03/17 20:11:46.326,"430",,
03/03/17 20:11:47.326,"432",,
03/03/17 20:11:48.327,"432",,
03/03/17 20:11:49.326,"432",,
03/03/17 20:11:50.326,"432",,
03/03/17 20:11:51.326,"433",,
03/03/17 20:11:52.326,"433",,
03/03/17 20:11:53.326,"432",,
03/03/17 20:11:54.327,"432",,
03/03/17 20:11:55.326,"432",,
03/03/17 20:11:56.326,"433",,
03/03/17 20:11:57.326,"433",,
03/03/17 20:11:58.326,"434",,
03/03/17 20:11:59.504,"434",,
03/03/17 20:12:00.326,"434",,
03/03/17 20:12:01.326,"432",,
03/03/17 20:12:02.326,"433",,
03/03/17 20:12:03.326,"433",,
03/03/17 20:12:04.326,"435",,
03/03/17 20:12:05.326,"435",,
03/03/17 20:12:06.326,"435",,
03/03/17 20:12:07.327,"434",,
03/03/17 20:12:08.327,"434",,
03/03/17 20:12:09.326,"433",,
03/03/17 20:12:10.326,"432",,
03/03/17 20:12:11.326,"432",,
03/03/17 20:12:12.326,"432",,
03/03/17 20:12:13.326,"433",,
03/03/17 20:12:14.326,"433",,
03/03/17 20:12:15.326,"433",,
03/03/17 20:12:16.326,"433",,
03/03/17 20:12:17.326,"431",,
03/03/17 20:12:18.326,"431",,
03/03/17 20:12:19.326,"432",,
03/03/17 20:12:19.326,"432",,
03/03/17 20:12:20.326,"431",,
03/03/17 20:12:21.326,"432",,
03/03/17 20:12:22.326,"431",,
03/03/17 20:12:23.326,"431",,
03/03/17 20:12:24.326,"431",,
03/03/17 20:12:25.327,"430",,
03/03/17 20:12:26.326,"430",,
03/03/17 20:12:27.326,"431",,
03/03/17 20:12:28.326,"430",,
03/03/17 20:12:29.326,"430",,
03/03/17 20:12:30.326,"431",,
03/03/17 20:12:31.326,"432",,
03/03/17 20:12:32.326,"431",,
03/03/17 20:12:33.326,"431",,
03/03/17 20:12:34.326,"431",,
03/03/17 20:12:35.326,"430",,
03/03/17 20:12:36.327,"430",,
03/03/17 20:12:37.326,"430",,
03/03/17 20:12:38.326,"430",,
03/03/17 20:12:39.326,"430",,
03/03/17 20:12:40.326,"430",,
03/03/17 20:12:41.326,"431",,
03/03/17 20:12:42.327,"430",,
03/03/17 20:12:43.326,"430",,
03/03/17 20:12:44.326,"431",,
03/03/17 20:12:45.326,"431",,
03/03/17 20:12:46.326,"431",,
03/03/17 20:12:47.326,"431",,
03/03/17 20:12:48.327,"431",,
03/03/17 20:12:49.326,"431",,
03/03/17 20:12:50.326,"432",,
03/03/17 20:12:51.326,"431",,
03/03/17 20:12:52.326,"431",,
03/03/17 20:12:53.326,"431",,
03/03/17 20:12:54.326,"430",,
03/03/17 20:12:55.326,"430",,
03/03/17 20:12:56.326,"430",,
03/03/17 20:12:57.326,"430",,
03/03/17 20:12:58.326,"431",,
03/03/17 20:12:59.327,"432",,
03/03/17 20:13:00.326,"432",,
03/03/17 20:13:01.327,"433",,
03/03/17 20:13:02.326,"433",,
03/03/17 20:13:03.326,"433",,
03/03/17 20:13:04.326,"434",,
03/03/17 20:13:05.326,"433",,
03/03/17 20:13:06.327,"433",,
03/03/17 20:13:07.326,"433",,
03/03/17 20:13:08.326,"433",,
03/03/17 20:13:09.326,"433",,
03/03/17 20:13:10.326,"433",,
03/03/17 20:13:10.326,"433",,
03/03/17 20:13:11.326,"433",,
03/03/17 20:13:12.327,"433",,
03/03/17 20:13:13.326,"433",,
03/03/17 20:13:14.326,"434",,
03/03/17 20:13:15.326,"433",,
03/03/17 20:13:16.326,"433",,
03/03/17 20:13:17.327,"433",,
03/03/17 20:13:18.326,"433",,
03/03/17 20:13:19.327,"433",,
03/03/17 20:13:20.326,"433",,
03/03/17 20:13:21.326,"433",,
03/03/17 20:13:22.327,"433",,
03/03/17 20:13:23.326,"433",,
03/03/17 20:13:24.326,"433",,
03/03/17 20:13:25.326,"433",,
03/03/17 20:13:26.326,"433",,
03/03/17 20:13:27.326,"434",,
03/03/17 20:13:28.326,"434",,
03/03/17 20:13:29.326,"433",,
03/03/17 20:13:30.326,"433",,
03/03/17 20:13:31.326,"434",,
03/03/17 20:13:32.326,"434",,
03/03/17 20:13:33.327,"434",,
03/03/17 20:13:34.326,"434",,
03/03/17 20:13:35.326,"434",,
03/03/17 20:13:36.327,"434",,
03/03/17 20:13:37.326,"434",,
03/03/17 20:13:38.326,"434",,
03/03/17 20:13:39.326,"434",,
03/03/17 20:13:40.326,"434",,
03/03/17 20:13:41.326,"434",,
03/03/17 20:13:42.326,"434",,
03/03/17 20:13:43.326,"433",,
03/03/17 20:13:44.326,"433",,
03/03/17 20:13:45.326,"433",,
03/03/17 20:13:46.326,"433",,
03/03/17 20:13:47.326,"432",,
03/03/17 20:13:48.326,"432",,
03/03/17 20:13:49.326,"432",,
03/03/17 20:13:50.326,"431",,
03/03/17 20:13:51.326,"432",,
03/03/17 20:13:52.326,"431",,
03/03/17 20:13:53.326,"432",,
03/03/17 20:13:54.326,"431",,
03/03/17 20:13:55.326,"431",,
03/03/17 20:13:56.326,"431",,
03/03/17 20:13:57.327,"432",,
03/03/17 20:13:58.326,"433",,
03/03/17 20:13:59.326,"433",,
03/03/17 20:14:00.326,"433",,
03/03/17 20:14:01.326,"432",,
03/03/17 20:14:01.326,"432",,
03/03/17 20:14:02.327,"432",,
03/03/17 20:14:03.326,"432",,
03/03/17 20:14:04.326,"432",,
03/03/17 20:14:05.327,"433",,
03/03/17 20:14:06.326,"433",,
03/03/17 20:14:07.327,"433",,
03/03/17 20:14:08.326,"433",,
03/03/17 20:14:09.326,"434",,
03/03/17 20:14:10.326,"434",,
03/03/17 20:14:11.326,"434",,
03/03/17 20:14:12.327,"434",,
03/03/17 20:14:13.326,"434",,
03/03/17 20:14:14.326,"432",,
03/03/17 20:14:15.326,"432",,
03/03/17 20:14:16.327,"432",,
03/03/17 20:14:17.326,"433",,
03/03/17 20:14:18.326,"433",,
03/03/17 20:14:19.326,"433",,
03/03/17 20:14:20.326,"433",,
03/03/17 20:14:21.326,"432",,
03/03/17 20:14:22.326,"432",,
03/03/17 20:14:23.548,"433",,
03/03/17 20:14:24.326,"432",,
03/03/17 20:14:25.326,"431",,
03/03/17 20:14:26.326,"431",,
03/03/17 20:14:27.326,"431",,
03/03/17 20:14:28.326,"431",,
03/03/17 20:14:29.326,"431",,
03/03/17 20:14:30.326,"432",,
03/03/17 20:14:31.326,"432",,
03/03/17 20:14:32.326,"431",,
03/03/17 20:14:33.326,"432",,
03/03/17 20:14:34.326,"432",,
03/03/17 20:14:35.326,"432",,
03/03/17 20:14:36.326,"432",,
03/03/17 20:14:37.326,"432",,
03/03/17 20:14:38.326,"431",,
03/03/17 20:14:39.642,"431",,
03/03/17 20:14:40.326,"431",,
03/03/17 20:14:41.326,"431",,
03/03/17 20:14:42.326,"431",,
03/03/17 20:14:43.326,"430",,
03/03/17 20:14:44.326,"431",,
03/03/17 20:14:45.326,"432",,
03/03/17 20:14:46.326,"432",,
03/03/17 20:14:47.327,"432",,
03/03/17 20:14:48.326,"432",,
03/03/17 20:14:49.326,"432",,
03/03/17 20:14:50.326,"432",,
03/03/17 20:14:51.326,"431",,
03/03/17 20:14:52.326,"431",,
03/03/17 20:14:52.326,"431",,
03/03/17 20:14:53.326,"432",,
03/03/17 20:14:54.326,"432",,
03/03/17 20:14:55.326,"431",,
03/03/17 20:14:56.327,"429",,
03/03/17 20:14:57.326,"428",,
03/03/17 20:14:58.326,"428",,
03/03/17 20:14:59.326,"428",,
03/03/17 20:15:00.326,"428",,
03/03/17 20:15:01.326,"427",,
03/03/17 20:15:02.326,"428",,
03/03/17 20:15:03.326,"428",,
03/03/17 20:15:04.326,"428",,
03/03/17 20:15:05.326,"429",,
03/03/17 20:15:06.326,"429",,
03/03/17 20:15:07.326,"430",,
03/03/17 20:15:08.326,"430",,
03/03/17 20:15:09.326,"430",,
03/03/17 20:15:10.326,"429",,
03/03/17 20:15:11.326,"430",,
03/03/17 20:15:12.326,"431",,
03/03/17 20:15:13.326,"431",,
03/03/17 20:15:14.326,"430",,
03/03/17 20:15:15.326,"431",,
03/03/17 20:15:16.327,"430",,
03/03/17 20:15:17.326,"430",,
03/03/17 20:15:18.326,"428",,
03/03/17 20:15:19.326,"426",,
03/03/17 20:15:20.326,"427",,
03/03/17 20:15:21.326,"430",,
03/03/17 20:15:22.326,"430",,
03/03/17 20:15:23.326,"431",,
03/03/17 20:15:24.326,"431",,
03/03/17 20:15:25.327,"431",,
03/03/17 20:15:26.326,"431",,
03/03/17 20:15:27.326,"431",,
03/03/17 20:15:28.326,"431",,
03/03/17 20:15:29.326,"432",,
03/03/17 20:15:30.326,"431",,
03/03/17 20:15:31.326,"431",,
03/03/17 20:15:32.327,"429",,
03/03/17 20:15:33.326,"430",,
03/03/17 20:15:34.326,"430",,
03/03/17 20:15:35.326,"429",,
03/03/17 20:15:36.326,"430",,
03/03/17 20:15:37.326,"428",,
03/03/17 20:15:38.326,"428",,
03/03/17 20:15:39.326,"428",,
03/03/17 20:15:40.326,"429",,
03/03/17 20:15:41.326,"430",,
03/03/17 20:15:42.327,"430",,
03/03/17 20:15:43.326,"431",,
03/03/17 20:15:43.326,"431",,
03/03/17 20:15:44.326,"431",,
03/03/17 20:15:45.326,"431",,
03/03/17 20:15:46.326,"430",,
03/03/17 20:15:47.327,"430",,
03/03/17 20:15:48.326,"431",,
03/03/17 20:15:49.326,"431",,
03/03/17 20:15:50.326,"430",,
03/03/17 20:15:51.326,"430",,
03/03/17 20:15:52.327,"430",,
03/03/17 20:15:53.326,"430",,
03/03/17 20:15:54.326,"429",,
03/03/17 20:15:55.326,"429",,
03/03/17 20:15:56.326,"429",,
03/03/17 20:15:57.326,"429",,
03/03/17 20:15:58.326,"429",,
03/03/17 20:15:59.326,"429",,
03/03/17 20:16:00.327,"430",,
03/03/17 20:16:01.326,"430",,
03/03/17 20:16:02.326,"430",,
03/03/17 20:16:03.326,"429",,
03/03/17 20:16:04.326,"429",,
03/03/17 20:16:05.326,"428",,
03/03/17 20:16:06.326,"428",,
03/03/17 20:16:07.326,"429",,
03/03/17 20:16:08.326,"429",,
03/03/17 20:16:09.326,"429",,
03/03/17 20:16:10.326,"428",,
03/03/17 20:16:11.326,"429",,
03/03/17 20:16:12.326,"429",,
03/03/17 20:16:13.326,"430",,
03/03/17 20:16:14.326,"430",,
03/03/17 20:16:15.326,"430",,
03/03/17 20:16:16.327,"430",,
03/03/17 20:16:17.326,"431",,
03/03/17 20:16:18.326,"430",,
03/03/17 20:16:19.326,"429",,
03/03/17 20:16:20.326,"429",,
03/03/17 20:16:21.326,"429",,
03/03/17 20:16:22.326,"430",,
03/03/17 20:16:23.326,"431",,
03/03/17 20:16:24.326,"431",,
03/03/17 20:16:25.326,"431",,
03/03/17 20:16:26.326,"431",,
03/03/17 20:16:27.326,"431",,
03/03/17 20:16:28.326,"431",,
03/03/17 20:16:29.327,"431",,
03/03/17 20:16:30.326,"432",,
03/03/17 20:16:31.326,"432",,
03/03/17 20:16:32.326,"431",,
03/03/17 20:16:33.326,"432",,
03/03/17 20:16:34.327,"431",,
03/03/17 20:16:34.327,"431",,
03/03/17 20:16:35.326,"432",,
03/03/17 20:16:36.593,"432",,
03/03/17 20:16:37.326,"432",,
03/03/17 20:16:38.326,"432",,
03/03/17 20:16:39.326,"432",,
03/03/17 20:16:40.326,"432",,
03/03/17 20:16:41.326,"432",,
03/03/17 20:16:42.326,"432",,
03/03/17 20:16:43.326,"432",,
03/03/17 20:16:44.326,"432",,
03/03/17 20:16:45.326,"433",,
03/03/17 20:16:46.326,"433",,
03/03/17 20:16:47.326,"433",,
03/03/17 20:16:48.624,"433",,
03/03/17 20:16:49.326,"433",,
03/03/17 20:16:50.326,"433",,
03/03/17 20:16:51.326,"433",,
03/03/17 20:16:52.664,"433",,
03/03/17 20:16:53.326,"432",,
03/03/17 20:16:54.326,"432",,
03/03/17 20:16:55.326,"432",,
03/03/17 20:16:56.326,"432",,
03/03/17 20:16:57.326,"432",,
03/03/17 20:16:58.326,"432",,
03/03/17 20:16:59.326,"432",,
03/03/17 20:17:00.326,"432",,
03/03/17 20:17:01.326,"432",,
03/03/17 20:17:02.326,"432",,
03/03/17 20:17:03.326,"432",,
03/03/17 20:17:04.326,"432",,
03/03/17 20:17:05.327,"432",,
03/03/17 20:17:06.326,"431",,
03/03/17 20:17:07.326,"431",,
03/03/17 20:17:08.327,"431",,
03/03/17 20:17:09.326,"432",,
03/03/17 20:17:10.326,"432",,
03/03/17 20:17:11.326,"433",,
03/03/17 20:17:12.326,"432",,
03/03/17 20:17:13.326,"432",,
03/03/17 20:17:14.326,"432",,
03/03/17 20:17:15.326,"430",,
03/03/17 20:17:16.326,"430",,
03/03/17 20:17:17.326,"431",,
03/03/17 20:17:18.326,"431",,
03/03/17 20:17:19.326,"431",,
03/03/17 20:17:20.326,"432",,
03/03/17 20:17:21.326,"433",,
03/03/17 20:17:22.326,"432",,
03/03/17 20:17:23.326,"432",,
03/03/17 20:17:24.326,"432",,
03/03/17 20:17:25.327,"432",,
03/03/17 20:17:25.327,"432",,
03/03/17 20:17:26.326,"433",,
03/03/17 20:17:27.327,"432",,
03/03/17 20:17:28.326,"432",,
03/03/17 20:17:29.326,"431",,
03/03/17 20:17:30.327,"432",,
03/03/17 20:17:31.326,"433",,
03/03/17 20:17:32.327,"432",,
03/03/17 20:17:33.327,"432",,
03/03/17 20:17:34.327,"432",,
03/03/17 20:17:35.327,"432",,
03/03/17 20:17:36.326,"431",,
03/03/17 20:17:37.326,"429",,
03/03/17 20:17:38.326,"430",,
03/03/17 20:17:39.326,"430",,
03/03/17 20:17:40.326,"430",,
03/03/17 20:17:41.326,"429",,
03/03/17 20:17:42.326,"429",,
03/03/17 20:17:43.326,"429",,
03/03/17 20:17:44.326,"430",,
03/03/17 20:17:45.326,"430",,
03/03/17 20:17:46.326,"430",,
03/03/17 20:17:47.326,"430",,
03/03/17 20:17:48.326,"430",,
03/03/17 20:17:49.326,"430",,
03/03/17 20:17:50.326,"430",,
03/03/17 20:17:51.326,"430",,
03/03/17 20:17:52.326,"430",,
03/03/17 20:17:53.326,"431",,
03/03/17 20:17:54.326,"432",,
03/03/17 20:17:55.326,"433",,
03/03/17 20:17:56.326,"434",,
03/03/17 20:17:57.326,"435",,
03/03/17 20:17:58.326,"435",,
03/03/17 20:17:59.326,"434",,
03/03/17 20:18:00.326,"434",,
03/03/17 20:18:01.326,"434",,
03/03/17 20:18:02.326,"433",,
03/03/17 20:18:03.326,"432",,
03/03/17 20:18:04.327,"430",,
03/03/17 20:18:05.326,"430",,
03/03/17 20:18:06.326,"430",,
03/03/17 20:18:07.326,"429",,
03/03/17 20:18:08.326,"429",,
03/03/17 20:18:09.326,"430",,
03/03/17 20:18:10.327,"431",,
03/03/17 20:18:11.327,"431",,
03/03/17 20:18:12.326,"431",,
03/03/17 20:18:13.326,"430",,
03/03/17 20:18:14.326,"430",,
03/03/17 20:18:15.326,"431",,
03/03/17 20:18:16.326,"433",,
03/03/17 20:18:16.326,"433",,
03/03/17 20:18:17.326,"434",,
03/03/17 20:18:18.326,"433",,
03/03/17 20:18:19.326,"432",,
03/03/17 20:18:20.326,"432",,
03/03/17 20:18:21.326,"431",,
03/03/17 20:18:22.326,"432",,
03/03/17 20:18:23.326,"433",,
03/03/17 20:18:24.326,"433",,
03/03/17 20:18:25.326,"433",,
03/03/17 20:18:26.326,"433",,
03/03/17 20:18:27.326,"434",,
03/03/17 20:18:28.326,"434",,
03/03/17 20:18:29.326,"432",,
03/03/17 20:18:30.326,"431",,
03/03/17 20:18:31.326,"432",,
03/03/17 20:18:32.326,"434",,
03/03/17 20:18:33.326,"434",,
03/03/17 20:18:34.326,"435",,
03/03/17 20:18:35.326,"435",,
03/03/17 20:18:36.326,"434",,
03/03/17 20:18:37.326,"432",,
03/03/17 20:18:38.326,"431",,
03/03/17 20:18:39.326,"432",,
03/03/17 20:18:40.326,"433",,
03/03/17 20:18:41.326,"433",,
03/03/17 20:18:42.327,"433",,
03/03/17 20:18:43.326,"433",,
03/03/17 20:18:44.326,"433",,
03/03/17 20:18:45.326,"433",,
03/03/17 20:18:46.326,"432",,
03/03/17 20:18:47.327,"431",,
03/03/17 20:18:48.327,"429",,
03/03/17 20:18:49.326,"429",,
03/03/17 20:18:50.326,"429",,
03/03/17 20:18:51.327,"430",,
03/03/17 20:18:52.326,"430",,
03/03/17 20:18:53.326,"430",,
03/03/17 20:18:54.326,"430",,
03/03/17 20:18:55.326,"430",,
03/03/17 20:18:56.326,"430",,
03/03/17 20:18:57.327,"430",,
03/03/17 20:18:58.326,"430",,
03/03/17 20:18:59.326,"431",,
03/03/17 20:19:00.326,"432",,
03/03/17 20:19:01.326,"432",,
03/03/17 20:19:02.326,"432",,
03/03/17 20:19:03.326,"431",,
03/03/17 20:19:04.326,"431",,
03/03/17 20:19:05.326,"431",,
03/03/17 20:19:06.326,"431",,
03/03/17 20:19:07.326,"431",,
03/03/17 20:19:07.326,"431",,
03/03/17 20:19:08.327,"432",,
03/03/17 20:19:09.326,"433",,
03/03/17 20:19:10.326,"433",,
03/03/17 20:19:11.326,"434",,
03/03/17 20:19:12.326,"434",,
03/03/17 20:19:13.326,"434",,
03/03/17 20:19:14.326,"433",,
03/03/17 20:19:15.326,"433",,
03/03/17 20:19:16.326,"433",,
03/03/17 20:19:17.327,"431",,
03/03/17 20:19:18.326,"431",,
03/03/17 20:19:19.326,"432",,
03/03/17 20:19:20.326,"431",,
03/03/17 20:19:21.327,"431",,
03/03/17 20:19:22.327,"431",,
03/03/17 20:19:23.326,"431",,
03/03/17 20:19:24.326,"431",,
03/03/17 20:19:25.327,"431",,
03/03/17 20:19:26.326,"430",,
03/03/17 20:19:27.327,"432",,
03/03/17 20:19:28.326,"433",,
03/03/17 20:19:29.326,"434",,
03/03/17 20:19:30.326,"432",,
03/03/17 20:19:31.326,"432",,
03/03/17 20:19:32.326,"433",,
03/03/17 20:19:33.326,"434",,
03/03/17 20:19:34.326,"434",,
03/03/17 20:19:35.326,"433",,
03/03/17 20:19:36.326,"433",,
03/03/17 20:19:37.326,"433",,
03/03/17 20:19:38.326,"433",,
03/03/17 20:19:39.326,"433",,
03/03/17 20:19:40.326,"433",,
03/03/17 20:19:41.326,"433",,
03/03/17 20:19:42.326,"433",,
03/03/17 20:19:43.326,"433",,
03/03/17 20:19:44.326,"433",,
03/03/17 20:19:45.326,"433",,
03/03/17 20:19:46.326,"434",,
03/03/17 20:19:47.326,"434",,
03/03/17 20:19:48.326,"434",,
03/03/17 20:19:49.326,"434",,
03/03/17 20:19:50.326,"434",,
03/03/17 20:19:51.326,"434",,
03/03/17 20:19:52.326,"433",,
03/03/17 20:19:53.326,"433",,
03/03/17 20:19:54.326,"433",,
03/03/17 20:19:55.326,"432",,
03/03/17 20:19:56.326,"433",,
03/03/17 20:19:57.326,"433",,
03/03/17 20:19:58.327,"433",,
03/03/17 20:19:58.327,"433",,
03/03/17 20:19:59.326,"434",,
03/03/17 20:20:00.326,"434",,
03/03/17 20:20:01.326,"434",,
03/03/17 20:20:02.326,"433",,
03/03/17 20:20:03.326,"433",,
03/03/17 20:20:04.326,"434",,
03/03/17 20:20:05.326,"434",,
03/03/17 20:20:06.326,"434",,
03/03/17 20:20:07.326,"434",,
03/03/17 20:20:08.326,"435",,
03/03/17 20:20:09.326,"435",,
03/03/17 20:20:10.327,"435",,
03/03/17 20:20:11.326,"434",,
03/03/17 20:20:12.326,"431",,
03/03/17 20:20:13.326,"428",,
03/03/17 20:20:14.326,"429",,
03/03/17 20:20:15.326,"429",,
03/03/17 20:20:16.326,"430",,
03/03/17 20:20:17.326,"432",,
03/03/17 20:20:18.326,"432",,
03/03/17 20:20:19.326,"432",,
03/03/17 20:20:20.328,"432",,
03/03/17 20:20:21.326,"432",,
03/03/17 20:20:22.326,"432",,
03/03/17 20:20:23.326,"431",,
03/03/17 20:20:24.326,"431",,
03/03/17 20:20:25.326,"430",,
03/03/17 20:20:26.327,"430",,
03/03/17 20:20:27.327,"430",,
03/03/17 20:20:28.326,"430",,
03/03/17 20:20:29.326,"430",,
03/03/17 20:20:30.326,"430",,
03/03/17 20:20:31.326,"430",,
03/03/17 20:20:32.326,"430",,
03/03/17 20:20:33.327,"430",,
03/03/17 20:20:34.326,"430",,
03/03/17 20:20:35.326,"430",,
03/03/17 20:20:36.327,"430",,
03/03/17 20:20:37.326,"430",,
03/03/17 20:20:38.327,"429",,
03/03/17 20:20:39.326,"428",,
03/03/17 20:20:40.326,"429",,
03/03/17 20:20:41.327,"429",,
03/03/17 20:20:42.326,"428",,
03/03/17 20:20:43.326,"428",,
03/03/17 20:20:44.326,"428",,
03/03/17 20:20:45.326,"428",,
03/03/17 20:20:46.326,"427",,
03/03/17 20:20:47.326,"428",,
03/03/17 20:20:48.326,"428",,
03/03/17 20:20:49.327,"428",,
03/03/17 20:20:49.327,"428",,
03/03/17 20:20:50.326,"428",,
03/03/17 20:20:51.326,"428",,
03/03/17 20:20:52.326,"428",,
03/03/17 20:20:53.326,"428",,
03/03/17 20:20:54.326,"428",,
03/03/17 20:20:55.326,"428",,
03/03/17 20:20:56.326,"429",,
03/03/17 20:20:57.327,"429",,
03/03/17 20:20:58.326,"430",,
03/03/17 20:20:59.326,"430",,
03/03/17 20:21:00.327,"429",,
03/03/17 20:21:01.568,"429",,
03/03/17 20:21:02.326,"429",,
03/03/17 20:21:03.326,"430",,
03/03/17 20:21:04.326,"430",,
03/03/17 20:21:05.326,"430",,
03/03/17 20:21:06.326,"430",,
03/03/17 20:21:07.326,"431",,
03/03/17 20:21:08.326,"432",,
03/03/17 20:21:09.327,"432",,
03/03/17 20:21:10.326,"432",,
03/03/17 20:21:11.326,"431",,
03/03/17 20:21:12.326,"431",,
03/03/17 20:21:13.326,"432",,
03/03/17 20:21:14.326,"432",,
03/03/17 20:21:15.327,"432",,
03/03/17 20:21:16.326,"432",,
03/03/17 20:21:17.326,"433",,
03/03/17 20:21:18.326,"433",,
03/03/17 20:21:19.326,"433",,
03/03/17 20:21:20.326,"433",,
03/03/17 20:21:21.326,"433",,
03/03/17 20:21:22.326,"433",,
03/03/17 20:21:23.326,"433",,
03/03/17 20:21:24.326,"433",,
03/03/17 20:21:25.326,"434",,
03/03/17 20:21:26.327,"433",,
03/03/17 20:21:27.326,"433",,
03/03/17 20:21:28.327,"433",,
03/03/17 20:21:29.326,"433",,
03/03/17 20:21:30.326,"433",,
03/03/17 20:21:31.327,"433",,
03/03/17 20:21:32.326,"433",,
03/03/17 20:21:33.326,"433",,
03/03/17 20:21:34.326,"432",,
03/03/17 20:21:35.326,"432",,
03/03/17 20:21:36.326,"432",,
03/03/17 20:21:37.326,"432",,
03/03/17 20:21:38.326,"432",,
03/03/17 20:21:39.326,"432",,
03/03/17 20:21:40.327,"432",,
03/03/17 20:21:40.327,"432",,
03/03/17 20:21:41.326,"431",,
03/03/17 20:21:42.326,"431",,
03/03/17 20:21:43.326,"430",,
03/03/17 20:21:44.326,"431",,
03/03/17 20:21:45.326,"430",,
03/03/17 20:21:46.326,"430",,
03/03/17 20:21:47.326,"430",,
03/03/17 20:21:48.326,"430",,
03/03/17 20:21:49.326,"430",,
03/03/17 20:21:50.327,"430",,
03/03/17 20:21:51.326,"430",,
03/03/17 20:21:52.326,"430",,
03/03/17 20:21:53.326,"430",,
03/03/17 20:21:54.326,"431",,
03/03/17 20:21:55.326,"431",,
03/03/17 20:21:56.326,"432",,
03/03/17 20:21:57.326,"432",,
03/03/17 20:21:58.326,"432",,
03/03/17 20:21:59.326,"432",,
03/03/17 20:22:00.326,"432",,
03/03/17 20:22:01.326,"432",,
03/03/17 20:22:02.326,"432",,
03/03/17 20:22:03.326,"432",,
03/03/17 20:22:04.326,"432",,
03/03/17 20:22:05.326,"432",,
03/03/17 20:22:06.326,"432",,
03/03/17 20:22:07.326,"433",,
03/03/17 20:22:08.326,"433",,
03/03/17 20:22:09.326,"433",,
03/03/17 20:22:10.326,"434",,
03/03/17 20:22:11.326,"435",,
03/03/17 20:22:12.326,"434",,
03/03/17 20:22:13.326,"431",,
03/03/17 20:22:14.326,"429",,
03/03/17 20:22:15.326,"430",,
03/03/17 20:22:16.326,"430",,
03/03/17 20:22:17.326,"431",,
03/03/17 20:22:18.326,"431",,
03/03/17 20:22:19.327,"431",,
03/03/17 20:22:20.326,"430",,
03/03/17 20:22:21.326,"430",,
03/03/17 20:22:22.326,"431",,
03/03/17 20:22:23.327,"432",,
03/03/17 20:22:24.326,"433",,
03/03/17 20:22:25.327,"433",,
03/03/17 20:22:26.327,"434",,
03/03/17 20:22:27.326,"433",,
03/03/17 20:22:28.326,"433",,
03/03/17 20:22:29.327,"433",,
03/03/17 20:22:30.327,"433",,
03/03/17 20:22:31.326,"433",,
03/03/17 20:22:31.326,"433",,
03/03/17 20:22:32.326,"433",,
03/03/17 20:22:33.326,"434",,
03/03/17 20:22:34.326,"434",,
03/03/17 20:22:35.326,"434",,
03/03/17 20:22:36.326,"434",,
03/03/17 20:22:37.326,"435",,
03/03/17 20:22:38.326,"435",,
03/03/17 20:22:39.326,"434",,
03/03/17 20:22:40.326,"435",,
03/03/17 20:22:41.326,"435",,
03/03/17 20:22:42.326,"435",,
03/03/17 20:22:43.326,"434",,
03/03/17 20:22:44.326,"433",,
03/03/17 20:22:45.326,"434",,
03/03/17 20:22:46.326,"434",,
03/03/17 20:22:47.326,"434",,
03/03/17 20:22:48.326,"433",,
03/03/17 20:22:49.326,"433",,
03/03/17 20:22:50.326,"434",,
03/03/17 20:22:51.326,"434",,
03/03/17 20:22:52.326,"434",,
03/03/17 20:22:53.326,"434",,
03/03/17 20:22:54.326,"434",,
03/03/17 20:22:55.327,"435",,
03/03/17 20:22:56.326,"435",,
03/03/17 20:22:57.326,"435",,
03/03/17 20:22:58.327,"436",,
03/03/17 20:22:59.326,"435",,
03/03/17 20:23:00.326,"434",,
03/03/17 20:23:01.326,"434",,
03/03/17 20:23:02.327,"434",,
03/03/17 20:23:03.326,"432",,
03/03/17 20:23:04.326,"432",,
03/03/17 20:23:05.326,"432",,
03/03/17 20:23:06.327,"432",,
03/03/17 20:23:07.326,"432",,
03/03/17 20:23:08.326,"433",,
03/03/17 20:23:09.326,"434",,
03/03/17 20:23:10.326,"434",,
03/03/17 20:23:11.326,"434",,
03/03/17 20:23:12.326,"433",,
03/03/17 20:23:13.326,"434",,
03/03/17 20:23:14.326,"433",,
03/03/17 20:23:15.326,"433",,
03/03/17 20:23:16.326,"433",,
03/03/17 20:23:17.326,"433",,
03/03/17 20:23:18.326,"432",,
03/03/17 20:23:19.326,"432",,
03/03/17 20:23:20.327,"431",,
03/03/17 20:23:21.326,"431",,
03/03/17 20:23:22.327,"431",,
03/03/17 20:23:22.327,"431",,
03/03/17 20:23:23.328,"431",,
03/03/17 20:23:24.326,"432",,
03/03/17 20:23:25.326,"431",,
03/03/17 20:23:26.326,"431",,
03/03/17 20:23:27.326,"431",,
03/03/17 20:23:28.327,"430",,
03/03/17 20:23:29.326,"430",,
03/03/17 20:23:30.326,"431",,
03/03/17 20:23:31.326,"431",,
03/03/17 20:23:32.326,"431",,
03/03/17 20:23:33.326,"431",,
03/03/17 20:23:34.326,"431",,
03/03/17 20:23:35.326,"431",,
03/03/17 20:23:36.326,"431",,
03/03/17 20:23:37.326,"431",,
03/03/17 20:23:38.326,"430",,
03/03/17 20:23:39.326,"431",,
03/03/17 20:23:40.326,"431",,
03/03/17 20:23:41.326,"431",,
03/03/17 20:23:42.326,"432",,
03/03/17 20:23:43.326,"431",,
03/03/17 20:23:44.326,"431",,
03/03/17 20:23:45.326,"432",,
03/03/17 20:23:46.326,"433",,
03/03/17 20:23:47.326,"434",,
03/03/17 20:23:48.327,"435",,
03/03/17 20:23:49.326,"435",,
03/03/17 20:23:50.326,"435",,
03/03/17 20:23:51.326,"435",,
03/03/17 20:23:52.327,"435",,
03/03/17 20:23:53.326,"435",,
03/03/17 20:23:54.326,"435",,
03/03/17 20:23:55.326,"434",,
03/03/17 20:23:56.326,"434",,
03/03/17 20:23:57.326,"435",,
03/03/17 20:23:58.326,"435",,
03/03/17 20:23:59.326,"435",,
03/03/17 20:24:00.326,"434",,
03/03/17 20:24:01.326,"434",,
03/03/17 20:24:02.326,"434",,
03/03/17 20:24:03.326,"435",,
03/03/17 20:24:04.326,"433",,
03/03/17 20:24:05.326,"433",,
03/03/17 20:24:06.327,"433",,
03/03/17 20:24:07.326,"433",,
03/03/17 20:24:08.326,"433",,
03/03/17 20:24:09.326,"433",,
03/03/17 20:24:10.326,"433",,
03/03/17 20:24:11.326,"433",,
03/03/17 20:24:12.326,"433",,
03/03/17 20:24:13.326,"432",,
03/03/17 20:24:13.326,"432",,
03/03/17 20:24:14.327,"433",,
03/03/17 20:24:15.326,"431",,
03/03/17 20:24:16.326,"431",,
03/03/17 20:24:17.326,"427",,
03/03/17 20:24:18.326,"424",,
03/03/17 20:24:19.326,"426",,
03/03/17 20:24:20.326,"427",,
03/03/17 20:24:21.326,"427",,
03/03/17 20:24:22.326,"426",,
03/03/17 20:24:23.327,"424",,
03/03/17 20:24:24.326,"424",,
03/03/17 20:24:25.326,"424",,
03/03/17 20:24:26.326,"424",,
03/03/17 20:24:27.326,"425",,
03/03/17 20:24:28.327,"425",,
03/03/17 20:24:29.326,"426",,
03/03/17 20:24:30.326,"426",,
03/03/17 20:24:31.326,"427",,
03/03/17 20:24:32.326,"429",,
03/03/17 20:24:33.326,"429",,
03/03/17 20:24:34.326,"429",,
03/03/17 20:24:35.326,"429",,
03/03/17 20:24:36.326,"430",,
03/03/17 20:24:37.326,"430",,
03/03/17 20:24:38.326,"431",,
03/03/17 20:24:39.326,"433",,
03/03/17 20:24:40.326,"433",,
03/03/17 20:24:41.326,"432",,
03/03/17 20:24:42.326,"432",,
03/03/17 20:24:43.326,"433",,
03/03/17 20:24:44.326,"433",,
03/03/17 20:24:45.327,"433",,
03/03/17 20:24:46.326,"433",,
03/03/17 20:24:47.326,"433",,
03/03/17 20:24:48.326,"433",,
03/03/17 20:24:49.326,"433",,
03/03/17 20:24:50.326,"433",,
03/03/17 20:24:51.326,"433",,
03/03/17 20:24:52.326,"433",,
03/03/17 20:24:53.326,"433",,
03/03/17 20:24:54.327,"433",,
03/03/17 20:24:55.327,"433",,
03/03/17 20:24:56.326,"432",,
03/03/17 20:24:57.326,"432",,
03/03/17 20:24:58.326,"432",,
03/03/17 20:24:59.326,"432",,
03/03/17 20:25:00.326,"433",,
03/03/17 20:25:01.326,"433",,
03/03/17 20:25:02.326,"433",,
03/03/17 20:25:03.327,"432",,
03/03/17 20:25:04.326,"431",,
03/03/17 20:25:04.326,"431",,
03/03/17 20:25:05.326,"431",,
03/03/17 20:25:06.326,"431",,
03/03/17 20:25:07.326,"433",,
03/03/17 20:25:08.326,"433",,
03/03/17 20:25:09.326,"432",,
03/03/17 20:25:10.327,"432",,
03/03/17 20:25:11.326,"432",,
03/03/17 20:25:12.326,"430",,
03/03/17 20:25:13.326,"429",,
03/03/17 20:25:14.326,"429",,
03/03/17 20:25:15.327,"430",,
03/03/17 20:25:16.326,"430",,
03/03/17 20:25:17.326,"430",,
03/03/17 20:25:18.326,"430",,
03/03/17 20:25:19.326,"430",,
03/03/17 20:25:20.326,"431",,
03/03/17 20:25:21.326,"431",,
03/03/17 20:25:22.326,"432",,
03/03/17 20:25:23.326,"432",,
03/03/17 20:25:24.326,"432",,
03/03/17 20:25:25.326,"431",,
03/03/17 20:25:26.326,"431",,
03/03/17 20:25:27.326,"431",,
03/03/17 20:25:28.326,"431",,
03/03/17 20:25:29.326,"432",,
03/03/17 20:25:30.327,"432",,
03/03/17 20:25:31.326,"432",,
03/03/17 20:25:32.326,"432",,
03/03/17 20:25:33.326,"431",,
03/03/17 20:25:34.326,"430",,
03/03/17 20:25:35.326,"425",,
03/03/17 20:25:36.326,"424",,
03/03/17 20:25:37.326,"426",,
03/03/17 20:25:38.327,"426",,
03/03/17 20:25:39.326,"426",,
03/03/17 20:25:40.326,"427",,
03/03/17 20:25:41.326,"428",,
03/03/17 20:25:42.326,"429",,
03/03/17 20:25:43.326,"427",,
03/03/17 20:25:44.327,"428",,
03/03/17 20:25:45.326,"428",,
03/03/17 20:25:46.326,"428",,
03/03/17 20:25:47.326,"428",,
03/03/17 20:25:48.326,"428",,
03/03/17 20:25:49.326,"428",,
03/03/17 20:25:50.326,"428",,
03/03/17 20:25:51.326,"428",,
03/03/17 20:25:52.326,"428",,
03/03/17 20:25:53.326,"428",,
03/03/17 20:25:54.326,"427",,
03/03/17 20:25:55.327,"426",,
03/03/17 20:25:55.327,"426",,
03/03/17 20:25:56.326,"427",,
03/03/17 20:25:57.326,"427",,
03/03/17 20:25:58.326,"427",,
03/03/17 20:25:59.326,"427",,
03/03/17 20:26:00.326,"428",,
03/03/17 20:26:01.326,"428",,
03/03/17 20:26:02.326,"427",,
03/03/17 20:26:03.326,"428",,
03/03/17 20:26:04.326,"429",,
03/03/17 20:26:05.327,"429",,
03/03/17 20:26:06.326,"430",,
03/03/17 20:26:07.326,"430",,
03/03/17 20:26:08.326,"430",,
03/03/17 20:26:09.326,"430",,
03/03/17 20:26:10.326,"430",,
03/03/17 20:26:11.326,"430",,
03/03/17 20:26:12.326,"430",,
03/03/17 20:26:13.326,"430",,
03/03/17 20:26:14.326,"431",,
03/03/17 20:26:15.326,"431",,
03/03/17 20:26:16.326,"430",,
03/03/17 20:26:17.326,"430",,
03/03/17 20:26:18.326,"431",,
03/03/17 20:26:19.326,"431",,
03/03/17 20:26:20.326,"431",,
03/03/17 20:26:21.326,"432",,
03/03/17 20:26:22.327,"432",,
03/03/17 20:26:23.326,"432",,
03/03/17 20:26:24.326,"432",,
03/03/17 20:26:25.327,"433",,
03/03/17 20:26:26.327,"433",,
03/03/17 20:26:27.326,"433",,
03/03/17 20:26:28.326,"433",,
03/03/17 20:26:29.327,"433",,
03/03/17 20:26:30.326,"433",,
03/03/17 20:26:31.326,"433",,
03/03/17 20:26:32.326,"433",,
03/03/17 20:26:33.326,"433",,
03/03/17 20:26:34.326,"433",,
03/03/17 20:26:35.326,"433",,
03/03/17 20:26:36.326,"433",,
03/03/17 20:26:37.326,"433",,
03/03/17 20:26:38.326,"434",,
03/03/17 20:26:39.327,"434",,
03/03/17 20:26:40.326,"433",,
03/03/17 20:26:41.326,"432",,
03/03/17 20:26:42.381,"432",,
03/03/17 20:26:43.326,"432",,
03/03/17 20:26:44.326,"432",,
03/03/17 20:26:45.326,"433",,
03/03/17 20:26:46.326,"433",,
03/03/17 20:26:46.326,"433",,
03/03/17 20:26:47.326,"433",,
03/03/17 20:26:48.326,"432",,
03/03/17 20:26:49.326,"432",,
03/03/17 20:26:50.326,"432",,
03/03/17 20:26:51.326,"432",,
03/03/17 20:26:52.326,"432",,
03/03/17 20:26:53.326,"432",,
03/03/17 20:26:54.326,"433",,
03/03/17 20:26:55.326,"433",,
03/03/17 20:26:56.327,"435",,
03/03/17 20:26:57.326,"436",,
03/03/17 20:26:58.326,"436",,
03/03/17 20:26:59.327,"436",,
03/03/17 20:27:00.326,"435",,
03/03/17 20:27:01.326,"435",,
03/03/17 20:27:02.327,"435",,
03/03/17 20:27:03.326,"435",,
03/03/17 20:27:04.327,"435",,
03/03/17 20:27:05.326,"435",,
03/03/17 20:27:06.326,"435",,
03/03/17 20:27:07.326,"435",,
03/03/17 20:27:08.327,"435",,
03/03/17 20:27:09.326,"435",,
03/03/17 20:27:10.326,"436",,
03/03/17 20:27:11.326,"436",,
03/03/17 20:27:12.326,"436",,
03/03/17 20:27:13.326,"436",,
03/03/17 20:27:14.327,"436",,
03/03/17 20:27:15.327,"436",,
03/03/17 20:27:16.327,"437",,
03/03/17 20:27:17.326,"437",,
03/03/17 20:27:18.326,"437",,
03/03/17 20:27:19.327,"437",,
03/03/17 20:27:20.326,"437",,
03/03/17 20:27:21.326,"437",,
03/03/17 20:27:22.326,"436",,
03/03/17 20:27:23.326,"436",,
03/03/17 20:27:24.326,"436",,
03/03/17 20:27:25.326,"436",,
03/03/17 20:27:26.326,"437",,
03/03/17 20:27:27.326,"436",,
03/03/17 20:27:28.326,"436",,
03/03/17 20:27:29.326,"436",,
03/03/17 20:27:30.326,"437",,
03/03/17 20:27:31.327,"437",,
03/03/17 20:27:32.326,"437",,
03/03/17 20:27:33.327,"437",,
03/03/17 20:27:34.326,"437",,
03/03/17 20:27:35.326,"437",,
03/03/17 20:27:36.326,"438",,
03/03/17 20:27:37.326,"438",,
03/03/17 20:27:37.326,"438",,
03/03/17 20:27:38.326,"438",,
03/03/17 20:27:39.326,"438",,
03/03/17 20:27:40.326,"438",,
03/03/17 20:27:41.326,"438",,
03/03/17 20:27:42.326,"438",,
03/03/17 20:27:43.326,"438",,
03/03/17 20:27:44.326,"438",,
03/03/17 20:27:45.326,"438",,
03/03/17 20:27:46.326,"437",,
03/03/17 20:27:47.326,"437",,
03/03/17 20:27:48.326,"437",,
03/03/17 20:27:49.326,"437",,
03/03/17 20:27:50.326,"437",,
03/03/17 20:27:51.326,"437",,
03/03/17 20:27:52.326,"437",,
03/03/17 20:27:53.326,"437",,
03/03/17 20:27:54.326,"436",,
03/03/17 20:27:55.326,"436",,
03/03/17 20:27:56.326,"437",,
03/03/17 20:27:57.326,"437",,
03/03/17 20:27:58.326,"437",,
03/03/17 20:27:59.326,"435",,
03/03/17 20:28:00.326,"435",,
03/03/17 20:28:01.326,"436",,
03/03/17 20:28:02.326,"437",,
03/03/17 20:28:03.326,"437",,
03/03/17 20:28:04.326,"437",,
03/03/17 20:28:05.326,"435",,
03/03/17 20:28:06.326,"434",,
03/03/17 20:28:07.326,"434",,
03/03/17 20:28:08.326,"435",,
03/03/17 20:28:09.326,"436",,
03/03/17 20:28:10.326,"437",,
03/03/17 20:28:11.326,"438",,
03/03/17 20:28:12.326,"437",,
03/03/17 20:28:13.326,"437",,
03/03/17 20:28:14.326,"437",,
03/03/17 20:28:15.327,"437",,
03/03/17 20:28:16.326,"437",,
03/03/17 20:28:17.326,"437",,
03/03/17 20:28:18.326,"436",,
03/03/17 20:28:19.326,"436",,
03/03/17 20:28:20.326,"435",,
03/03/17 20:28:21.326,"435",,
03/03/17 20:28:22.326,"435",,
03/03/17 20:28:23.326,"435",,
03/03/17 20:28:24.326,"435",,
03/03/17 20:28:25.326,"435",,
03/03/17 20:28:26.327,"434",,
03/03/17 20:28:27.327,"433",,
03/03/17 20:28:28.326,"433",,
03/03/17 20:28:28.326,"433",,
03/03/17 20:28:29.326,"433",,
03/03/17 20:28:30.326,"433",,
03/03/17 20:28:31.326,"432",,
03/03/17 20:28:32.326,"430",,
03/03/17 20:28:33.930,"430",,
03/03/17 20:28:34.709,"430",,
03/03/17 20:28:35.543,"430",,
03/03/17 20:28:36.326,"430",,
03/03/17 20:28:37.327,"429",,
03/03/17 20:28:38.326,"430",,
03/03/17 20:28:39.326,"431",,
03/03/17 20:28:40.326,"431",,
03/03/17 20:28:41.326,"432",,
03/03/17 20:28:42.327,"430",,
03/03/17 20:28:43.326,"430",,
03/03/17 20:28:44.326,"430",,
03/03/17 20:28:45.327,"431",,
03/03/17 20:28:46.326,"431",,
03/03/17 20:28:47.326,"431",,
03/03/17 20:28:48.326,"431",,
03/03/17 20:28:49.326,"431",,
03/03/17 20:28:50.326,"431",,
03/03/17 20:28:51.326,"430",,
03/03/17 20:28:52.326,"430",,
03/03/17 20:28:53.326,"429",,
03/03/17 20:28:54.326,"430",,
03/03/17 20:28:55.327,"430",,
03/03/17 20:28:56.326,"431",,
03/03/17 20:28:57.326,"431",,
03/03/17 20:28:58.326,"431",,
03/03/17 20:28:59.326,"431",,
03/03/17 20:29:00.326,"432",,
03/03/17 20:29:01.965,"432",,
03/03/17 20:29:02.775,"432",,
03/03/17 20:29:03.509,"432",,
03/03/17 20:29:04.326,"433",,
03/03/17 20:29:05.326,"435",,
03/03/17 20:29:06.326,"437",,
03/03/17 20:29:07.326,"437",,
03/03/17 20:29:08.326,"436",,
03/03/17 20:29:09.326,"434",,
03/03/17 20:29:10.326,"432",,
03/03/17 20:29:11.326,"430",,
03/03/17 20:29:12.326,"430",,
03/03/17 20:29:13.326,"430",,
03/03/17 20:29:14.326,"431",,
03/03/17 20:29:15.326,"431",,
03/03/17 20:29:16.326,"431",,
03/03/17 20:29:17.326,"430",,
03/03/17 20:29:18.326,"429",,
03/03/17 20:29:19.326,"430",,
03/03/17 20:29:19.326,"430",,
03/03/17 20:29:20.326,"429",,
03/03/17 20:29:21.326,"429",,
03/03/17 20:29:22.326,"429",,
03/03/17 20:29:23.326,"431",,
03/03/17 20:29:24.326,"433",,
03/03/17 20:29:25.326,"433",,
03/03/17 20:29:26.326,"433",,
03/03/17 20:29:27.326,"433",,
03/03/17 20:29:28.326,"433",,
03/03/17 20:29:29.326,"433",,
03/03/17 20:29:30.326,"432",,
03/03/17 20:29:31.326,"431",,
03/03/17 20:29:32.326,"430",,
03/03/17 20:29:33.326,"430",,
03/03/17 20:29:34.326,"431",,
03/03/17 20:29:35.326,"431",,
03/03/17 20:29:36.326,"432",,
03/03/17 20:29:37.326,"433",,
03/03/17 20:29:38.326,"433",,
03/03/17 20:29:39.326,"433",,
03/03/17 20:29:40.326,"433",,
03/03/17 20:29:41.326,"431",,
03/03/17 20:29:42.326,"431",,
03/03/17 20:29:43.326,"430",,
03/03/17 20:29:44.326,"430",,
03/03/17 20:29:45.326,"429",,
03/03/17 20:29:46.326,"430",,
03/03/17 20:29:47.326,"430",,
03/03/17 20:29:48.326,"427",,
03/03/17 20:29:49.326,"428",,
03/03/17 20:29:50.326,"429",,
03/03/17 20:29:51.326,"428",,
03/03/17 20:29:52.326,"428",,
03/03/17 20:29:53.326,"430",,
03/03/17 20:29:54.326,"429",,
03/03/17 20:29:55.326,"429",,
03/03/17 20:29:56.326,"428",,
03/03/17 20:29:57.326,"429",,
03/03/17 20:29:58.326,"429",,
03/03/17 20:29:59.327,"430",,
03/03/17 20:30:00.326,"431",,
03/03/17 20:30:01.326,"431",,
03/03/17 20:30:02.326,"432",,
03/03/17 20:30:03.326,"431",,
03/03/17 20:30:04.326,"432",,
03/03/17 20:30:05.326,"432",,
03/03/17 20:30:06.326,"432",,
03/03/17 20:30:07.326,"433",,
03/03/17 20:30:08.326,"433",,
03/03/17 20:30:09.326,"431",,
03/03/17 20:30:10.326,"430",,
03/03/17 20:30:10.326,"430",,
03/03/17 20:30:11.326,"430",,
03/03/17 20:30:12.327,"429",,
03/03/17 20:30:13.326,"429",,
03/03/17 20:30:14.326,"429",,
03/03/17 20:30:15.326,"429",,
03/03/17 20:30:16.326,"429",,
03/03/17 20:30:17.326,"430",,
03/03/17 20:30:18.326,"431",,
03/03/17 20:30:19.327,"431",,
03/03/17 20:30:20.326,"432",,
03/03/17 20:30:21.326,"433",,
03/03/17 20:30:22.326,"434",,
03/03/17 20:30:23.326,"435",,
03/03/17 20:30:24.326,"435",,
03/03/17 20:30:25.326,"435",,
03/03/17 20:30:26.326,"435",,
03/03/17 20:30:27.326,"435",,
03/03/17 20:30:28.326,"435",,
03/03/17 20:30:29.326,"435",,
03/03/17 20:30:30.327,"435",,
03/03/17 20:30:31.326,"435",,
03/03/17 20:30:32.326,"435",,
03/03/17 20:30:33.326,"434",,
03/03/17 20:30:34.327,"434",,
03/03/17 20:30:35.326,"432",,
03/03/17 20:30:36.326,"431",,
03/03/17 20:30:37.326,"431",,
03/03/17 20:30:38.326,"432",,
03/03/17 20:30:39.326,"432",,
03/03/17 20:30:40.326,"432",,
03/03/17 20:30:41.326,"431",,
03/03/17 20:30:42.326,"432",,
03/03/17 20:30:43.326,"433",,
03/03/17 20:30:44.326,"433",,
03/03/17 20:30:45.326,"432",,
03/03/17 20:30:46.326,"432",,
03/03/17 20:30:47.327,"432",,
03/03/17 20:30:48.326,"432",,
03/03/17 20:30:49.326,"432",,
03/03/17 20:30:50.326,"432",,
03/03/17 20:30:51.326,"432",,
03/03/17 20:30:52.326,"432",,
03/03/17 20:30:53.326,"432",,
03/03/17 20:30:54.326,"433",,
03/03/17 20:30:55.326,"433",,
03/03/17 20:30:56.326,"433",,
03/03/17 20:30:57.326,"434",,
03/03/17 20:30:58.326,"434",,
03/03/17 20:30:59.327,"433",,
03/03/17 20:31:00.326,"433",,
03/03/17 20:31:01.326,"433",,
03/03/17 20:31:01.326,"433",,
03/03/17 20:31:02.326,"433",,
03/03/17 20:31:03.326,"433",,
03/03/17 20:31:04.326,"433",,
03/03/17 20:31:05.326,"433",,
03/03/17 20:31:06.326,"433",,
03/03/17 20:31:07.327,"434",,
03/03/17 20:31:08.326,"435",,
03/03/17 20:31:09.326,"434",,
03/03/17 20:31:10.326,"433",,
03/03/17 20:31:11.327,"433",,
03/03/17 20:31:12.326,"432",,
03/03/17 20:31:13.326,"432",,
03/03/17 20:31:14.326,"433",,
03/03/17 20:31:15.326,"433",,
03/03/17 20:31:16.331,"433",,
03/03/17 20:31:17.326,"433",,
03/03/17 20:31:18.371,"433",,
03/03/17 20:31:19.326,"434",,
03/03/17 20:31:20.326,"434",,
03/03/17 20:31:21.326,"434",,
03/03/17 20:31:22.326,"435",,
03/03/17 20:31:23.326,"434",,
03/03/17 20:31:24.327,"434",,
03/03/17 20:31:25.326,"434",,
03/03/17 20:31:26.326,"434",,
03/03/17 20:31:27.326,"434",,
03/03/17 20:31:28.326,"435",,
03/03/17 20:31:29.326,"434",,
03/03/17 20:31:30.352,"434",,
03/03/17 20:31:31.360,"434",,
03/03/17 20:31:32.326,"433",,
03/03/17 20:31:33.326,"433",,
03/03/17 20:31:34.326,"433",,
03/03/17 20:31:35.326,"432",,
03/03/17 20:31:36.326,"431",,
03/03/17 20:31:37.326,"432",,
03/03/17 20:31:38.326,"432",,
03/03/17 20:31:39.326,"431",,
03/03/17 20:31:40.326,"432",,
03/03/17 20:31:41.326,"432",,
03/03/17 20:31:42.326,"432",,
03/03/17 20:31:43.326,"432",,
03/03/17 20:31:44.326,"432",,
03/03/17 20:31:45.326,"432",,
03/03/17 20:31:46.326,"432",,
03/03/17 20:31:47.327,"432",,
03/03/17 20:31:48.326,"431",,
03/03/17 20:31:49.326,"431",,
03/03/17 20:31:50.326,"431",,
03/03/17 20:31:51.326,"431",,
03/03/17 20:31:52.326,"431",,
03/03/17 20:31:52.326,"431",,
03/03/17 20:31:53.326,"432",,
03/03/17 20:31:54.326,"431",,
03/03/17 20:31:55.326,"431",,
03/03/17 20:31:56.326,"432",,
03/03/17 20:31:57.326,"433",,
03/03/17 20:31:58.327,"433",,
03/03/17 20:31:59.326,"433",,
03/03/17 20:32:00.326,"433",,
03/03/17 20:32:01.326,"433",,
03/03/17 20:32:02.326,"432",,
03/03/17 20:32:03.326,"432",,
03/03/17 20:32:04.326,"431",,
03/03/17 20:32:05.326,"432",,
03/03/17 20:32:06.326,"432",,
03/03/17 20:32:07.327,"433",,
03/03/17 20:32:08.326,"431",,
03/03/17 20:32:09.326,"430",,
03/03/17 20:32:10.326,"431",,
03/03/17 20:32:11.326,"431",,
03/03/17 20:32:12.326,"431",,
03/03/17 20:32:13.326,"429",,
03/03/17 20:32:14.327,"429",,
03/03/17 20:32:15.326,"430",,
03/03/17 20:32:16.326,"430",,
03/03/17 20:32:17.326,"429",,
03/03/17 20:32:18.326,"430",,
03/03/17 20:32:19.326,"429",,
03/03/17 20:32:20.326,"429",,
03/03/17 20:32:21.326,"430",,
03/03/17 20:32:22.326,"431",,
03/03/17 20:32:23.326,"433",,
03/03/17 20:32:24.326,"432",,
03/03/17 20:32:25.326,"433",,
03/03/17 20:32:26.326,"432",,
03/03/17 20:32:27.326,"432",,
03/03/17 20:32:28.326,"431",,
03/03/17 20:32:29.326,"430",,
03/03/17 20:32:30.327,"430",,
03/03/17 20:32:31.326,"430",,
03/03/17 20:32:32.327,"429",,
03/03/17 20:32:33.326,"428",,
03/03/17 20:32:34.326,"427",,
03/03/17 20:32:35.326,"427",,
03/03/17 20:32:36.326,"426",,
03/03/17 20:32:37.326,"427",,
03/03/17 20:32:38.326,"427",,
03/03/17 20:32:39.326,"427",,
03/03/17 20:32:40.326,"425",,
03/03/17 20:32:41.326,"425",,
03/03/17 20:32:42.326,"425",,
03/03/17 20:32:43.326,"426",,
03/03/17 20:32:43.326,"426",,
03/03/17 20:32:44.326,"426",,
03/03/17 20:32:45.326,"427",,
03/03/17 20:32:46.326,"427",,
03/03/17 20:32:47.326,"428",,
03/03/17 20:32:48.326,"429",,
03/03/17 20:32:49.326,"428",,
03/03/17 20:32:50.326,"429",,
03/03/17 20:32:51.326,"429",,
03/03/17 20:32:52.326,"429",,
03/03/17 20:32:53.326,"428",,
03/03/17 20:32:54.327,"428",,
03/03/17 20:32:55.326,"428",,
03/03/17 20:32:56.326,"428",,
03/03/17 20:32:57.326,"429",,
03/03/17 20:32:58.326,"429",,
03/03/17 20:32:59.326,"429",,
03/03/17 20:33:00.326,"429",,
03/03/17 20:33:01.327,"429",,
03/03/17 20:33:02.326,"428",,
03/03/17 20:33:03.326,"428",,
03/03/17 20:33:04.326,"428",,
03/03/17 20:33:05.326,"428",,
03/03/17 20:33:06.327,"429",,
03/03/17 20:33:07.326,"429",,
03/03/17 20:33:08.326,"428",,
03/03/17 20:33:09.326,"428",,
03/03/17 20:33:10.326,"429",,
03/03/17 20:33:11.326,"429",,
03/03/17 20:33:12.326,"430",,
03/03/17 20:33:13.326,"430",,
03/03/17 20:33:14.326,"430",,
03/03/17 20:33:15.327,"430",,
03/03/17 20:33:16.327,"430",,
03/03/17 20:33:17.326,"431",,
03/03/17 20:33:18.326,"431",,
03/03/17 20:33:19.326,"431",,
03/03/17 20:33:20.327,"432",,
03/03/17 20:33:21.326,"431",,
03/03/17 20:33:22.326,"430",,
03/03/17 20:33:23.326,"430",,
03/03/17 20:33:24.326,"430",,
03/03/17 20:33:25.326,"429",,
03/03/17 20:33:26.326,"429",,
03/03/17 20:33:27.326,"429",,
03/03/17 20:33:28.326,"428",,
03/03/17 20:33:29.326,"428",,
03/03/17 20:33:30.327,"428",,
03/03/17 20:33:31.326,"428",,
03/03/17 20:33:32.326,"428",,
03/03/17 20:33:33.326,"429",,
03/03/17 20:33:34.326,"429",,
03/03/17 20:33:34.326,"429",,
03/03/17 20:33:35.326,"430",,
03/03/17 20:33:36.326,"431",,
03/03/17 20:33:37.344,"433",,
03/03/17 20:33:38.326,"434",,
03/03/17 20:33:39.332,"433",,
03/03/17 20:33:40.326,"434",,
03/03/17 20:33:42.056,"434",,
03/03/17 20:33:42.852,"434",,
03/03/17 20:33:43.618,"434",,
03/03/17 20:33:44.441,"434",,
03/03/17 20:33:45.377,"433",,
03/03/17 20:33:46.338,"432",,
03/03/17 20:33:47.433,"432",,
03/03/17 20:33:48.353,"432",,
03/03/17 20:33:49.326,"432",,
03/03/17 20:33:50.326,"431",,
03/03/17 20:33:51.336,"431",,
03/03/17 20:33:52.326,"430",,
03/03/17 20:33:53.326,"432",,
03/03/17 20:33:54.326,"433",,
03/03/17 20:33:55.326,"432",,
03/03/17 20:33:56.326,"431",,
03/03/17 20:33:57.326,"430",,
03/03/17 20:33:58.326,"430",,
03/03/17 20:33:59.326,"430",,
03/03/17 20:34:00.326,"431",,
03/03/17 20:34:01.327,"431",,
03/03/17 20:34:02.327,"431",,
03/03/17 20:34:03.326,"431",,
03/03/17 20:34:04.326,"431",,
03/03/17 20:34:05.326,"430",,
03/03/17 20:34:06.326,"431",,
03/03/17 20:34:07.326,"430",,
03/03/17 20:34:08.326,"431",,
03/03/17 20:34:09.326,"432",,
03/03/17 20:34:10.326,"433",,
03/03/17 20:34:11.326,"433",,
03/03/17 20:34:12.326,"434",,
03/03/17 20:34:13.326,"434",,
03/03/17 20:34:14.326,"434",,
03/03/17 20:34:15.326,"434",,
03/03/17 20:34:16.326,"434",,
03/03/17 20:34:17.326,"434",,
03/03/17 20:34:18.326,"434",,
03/03/17 20:34:19.326,"435",,
03/03/17 20:34:20.326,"434",,
03/03/17 20:34:21.326,"435",,
03/03/17 20:34:22.326,"435",,
03/03/17 20:34:23.326,"435",,
03/03/17 20:34:24.326,"435",,
03/03/17 20:34:25.326,"435",,
03/03/17 20:34:25.326,"435",,
03/03/17 20:34:26.326,"433",,
03/03/17 20:34:27.326,"432",,
03/03/17 20:34:28.326,"432",,
03/03/17 20:34:29.326,"430",,
03/03/17 20:34:30.326,"429",,
03/03/17 20:34:31.326,"429",,
03/03/17 20:34:32.326,"430",,
03/03/17 20:34:33.326,"432",,
03/03/17 20:34:34.327,"433",,
03/03/17 20:34:35.326,"432",,
03/03/17 20:34:36.326,"430",,
03/03/17 20:34:37.326,"430",,
03/03/17 20:34:38.326,"431",,
03/03/17 20:34:39.326,"432",,
03/03/17 20:34:40.326,"432",,
03/03/17 20:34:41.328,"432",,
03/03/17 20:34:42.326,"432",,
03/03/17 20:34:43.326,"432",,
03/03/17 20:34:44.326,"432",,
03/03/17 20:34:45.326,"434",,
03/03/17 20:34:46.326,"434",,
03/03/17 20:34:47.326,"434",,
03/03/17 20:34:48.327,"434",,
03/03/17 20:34:49.326,"433",,
03/03/17 20:34:50.326,"432",,
03/03/17 20:34:51.326,"430",,
03/03/17 20:34:52.326,"431",,
03/03/17 20:34:53.326,"430",,
03/03/17 20:34:54.326,"430",,
03/03/17 20:34:55.327,"429",,
03/03/17 20:34:56.326,"430",,
03/03/17 20:34:57.326,"430",,
03/03/17 20:34:58.326,"430",,
03/03/17 20:34:59.326,"430",,
03/03/17 20:35:00.326,"430",,
03/03/17 20:35:01.326,"432",,
03/03/17 20:35:02.326,"432",,
03/03/17 20:35:03.327,"433",,
03/03/17 20:35:04.326,"432",,
03/03/17 20:35:05.326,"430",,
03/03/17 20:35:06.326,"429",,
03/03/17 20:35:07.326,"429",,
03/03/17 20:35:08.326,"429",,
03/03/17 20:35:09.326,"428",,
03/03/17 20:35:10.326,"427",,
03/03/17 20:35:11.326,"425",,
03/03/17 20:35:12.326,"424",,
03/03/17 20:35:13.327,"424",,
03/03/17 20:35:14.326,"423",,
03/03/17 20:35:15.326,"423",,
03/03/17 20:35:16.326,"424",,
03/03/17 20:35:16.326,"424",,
03/03/17 20:35:17.326,"423",,
03/03/17 20:35:18.326,"423",,
03/03/17 20:35:19.326,"424",,
03/03/17 20:35:20.326,"424",,
03/03/17 20:35:21.326,"427",,
03/03/17 20:35:22.326,"425",,
03/03/17 20:35:23.326,"424",,
03/03/17 20:35:24.326,"423",,
03/03/17 20:35:25.326,"424",,
03/03/17 20:35:26.326,"426",,
03/03/17 20:35:27.326,"428",,
03/03/17 20:35:28.326,"428",,
03/03/17 20:35:29.326,"428",,
03/03/17 20:35:30.326,"429",,
03/03/17 20:35:31.326,"430",,
03/03/17 20:35:32.326,"430",,
03/03/17 20:35:33.327,"431",,
03/03/17 20:35:34.326,"431",,
03/03/17 20:35:35.327,"431",,
03/03/17 20:35:36.326,"430",,
03/03/17 20:35:37.327,"429",,
03/03/17 20:35:38.326,"431",,
03/03/17 20:35:39.326,"431",,
03/03/17 20:35:40.326,"433",,
03/03/17 20:35:41.326,"433",,
03/03/17 20:35:42.326,"432",,
03/03/17 20:35:43.385,"432",,
03/03/17 20:35:44.326,"432",,
03/03/17 20:35:45.326,"432",,
03/03/17 20:35:46.350,"431",,
03/03/17 20:35:47.326,"431",,
03/03/17 20:35:48.326,"431",,
03/03/17 20:35:49.326,"431",,
03/03/17 20:35:50.346,"430",,
03/03/17 20:35:51.326,"430",,
03/03/17 20:35:52.326,"429",,
03/03/17 20:35:54.107,"429",,
03/03/17 20:35:54.949,"429",,
03/03/17 20:35:55.793,"429",,
03/03/17 20:35:56.638,"429",,
03/03/17 20:35:57.494,"429",,
03/03/17 20:35:58.357,"430",,
03/03/17 20:35:59.326,"429",,
03/03/17 20:36:00.342,"429",,
03/03/17 20:36:01.356,"427",,
03/03/17 20:36:02.390,"427",,
03/03/17 20:36:03.383,"425",,
03/03/17 20:36:04.349,"426",,
03/03/17 20:36:05.355,"428",,
03/03/17 20:36:06.356,"429",,
03/03/17 20:36:07.433,"429",,
03/03/17 20:36:07.433,"429",,
03/03/17 20:36:08.349,"429",,
03/03/17 20:36:09.326,"428",,
03/03/17 20:36:10.447,"428",,
03/03/17 20:36:11.435,"428",,
03/03/17 20:36:12.355,"428",,
03/03/17 20:36:13.326,"429",,
03/03/17 20:36:14.326,"428",,
03/03/17 20:36:15.326,"428",,
03/03/17 20:36:16.403,"428",,
03/03/17 20:36:17.415,"428",,
03/03/17 20:36:18.421,"427",,
03/03/17 20:36:19.409,"426",,
03/03/17 20:36:20.387,"426",,
03/03/17 20:36:21.326,"427",,
03/03/17 20:36:22.326,"428",,
03/03/17 20:36:23.404,"424",,
03/03/17 20:36:24.326,"424",,
03/03/17 20:36:25.326,"425",,
03/03/17 20:36:26.326,"426",,
03/03/17 20:36:27.326,"427",,
03/03/17 20:36:28.326,"427",,
03/03/17 20:36:29.326,"428",,
03/03/17 20:36:30.326,"428",,
03/03/17 20:36:31.327,"428",,
03/03/17 20:36:32.327,"427",,
03/03/17 20:36:33.327,"428",,
03/03/17 20:36:34.326,"428",,
03/03/17 20:36:35.326,"428",,
03/03/17 20:36:36.326,"429",,
03/03/17 20:36:37.326,"429",,
03/03/17 20:36:38.326,"429",,
03/03/17 20:36:39.326,"429",,
03/03/17 20:36:40.326,"429",,
03/03/17 20:36:41.326,"429",,
03/03/17 20:36:42.326,"429",,
03/03/17 20:36:43.326,"429",,
03/03/17 20:36:44.326,"429",,
03/03/17 20:36:45.326,"428",,
03/03/17 20:36:46.326,"429",,
03/03/17 20:36:47.326,"429",,
03/03/17 20:36:48.326,"430",,
03/03/17 20:36:49.327,"430",,
03/03/17 20:36:50.326,"431",,
03/03/17 20:36:51.326,"431",,
03/03/17 20:36:52.326,"432",,
03/03/17 20:36:53.327,"432",,
03/03/17 20:36:54.326,"432",,
03/03/17 20:36:55.326,"432",,
03/03/17 20:36:56.326,"432",,
03/03/17 20:36:57.326,"432",,
03/03/17 20:36:58.326,"432",,
03/03/17 20:36:58.326,"432",,
03/03/17 20:36:59.326,"432",,
03/03/17 20:37:00.326,"432",,
03/03/17 20:37:01.326,"432",,
03/03/17 20:37:02.326,"431",,
03/03/17 20:37:03.326,"431",,
03/03/17 20:37:04.326,"432",,
03/03/17 20:37:05.326,"432",,
03/03/17 20:37:06.327,"432",,
03/03/17 20:37:07.326,"432",,
03/03/17 20:37:08.326,"432",,
03/03/17 20:37:09.326,"433",,
03/03/17 20:37:10.326,"432",,
03/03/17 20:37:11.326,"432",,
03/03/17 20:37:12.326,"432",,
03/03/17 20:37:13.326,"431",,
03/03/17 20:37:14.326,"432",,
03/03/17 20:37:15.326,"432",,
03/03/17 20:37:16.326,"432",,
03/03/17 20:37:17.326,"431",,
03/03/17 20:37:18.326,"430",,
03/03/17 20:37:19.326,"430",,
03/03/17 20:37:20.326,"431",,
03/03/17 20:37:21.326,"433",,
03/03/17 20:37:22.326,"432",,
03/03/17 20:37:23.326,"432",,
03/03/17 20:37:24.326,"432",,
03/03/17 20:37:25.326,"431",,
03/03/17 20:37:26.326,"431",,
03/03/17 20:37:27.326,"430",,
03/03/17 20:37:28.326,"430",,
03/03/17 20:37:29.327,"430",,
03/03/17 20:37:30.326,"430",,
03/03/17 20:37:31.326,"431",,
03/03/17 20:37:32.326,"431",,
03/03/17 20:37:33.326,"431",,
03/03/17 20:37:34.326,"431",,
03/03/17 20:37:35.326,"431",,
03/03/17 20:37:36.326,"431",,
03/03/17 20:37:37.326,"431",,
03/03/17 20:37:38.326,"430",,
03/03/17 20:37:39.326,"430",,
03/03/17 20:37:40.326,"430",,
03/03/17 20:37:41.326,"431",,
03/03/17 20:37:42.326,"432",,
03/03/17 20:37:43.326,"432",,
03/03/17 20:37:44.326,"429",,
03/03/17 20:37:45.326,"429",,
03/03/17 20:37:46.327,"429",,
03/03/17 20:37:47.326,"429",,
03/03/17 20:37:48.326,"429",,
03/03/17 20:37:49.326,"429",,
