XQ,+097879,+2471,+0494,2015/09/23,15:56:21,+351819318,-974378231,+00346905,04
XQ,+097883,+2471,+0490,2015/09/23,15:56:22,+351819530,-974378360,+00344210,04
XQ,+097886,+2485,+0489,2015/09/23,15:56:23,+351819503,-974378369,+00343788,04
XQ,+097879,+2492,+0487,2015/09/23,15:56:24,+351819396,-974378349,+00344579,04
XQ,+097889,+2479,+0486,2015/09/23,15:56:25,+351819397,-974378336,+00343798,04
XQ,+097880,+2464,+0485,2015/09/23,15:56:26,+351819458,-974378266,+00344659,04
XQ,+097873,+2457,+0480,2015/09/23,15:56:27,+351819470,-974378192,+00344491,04
XQ,+097878,+2456,+0487,2015/09/23,15:56:28,+351819521,-974378075,+00344801,04
XQ,+097883,+2464,+0478,2015/09/23,15:56:29,+351819468,-974377938,+00341668,04
XQ,+097884,+2484,+0483,2015/09/23,15:56:30,+351819473,-974377882,+00342895,04
XQ,+097886,+2473,+0488,2015/09/23,15:56:31,+351819434,-974377977,+00344081,04
XQ,+097875,+2477,+0480,2015/09/23,15:56:32,+351819420,-974377960,+00344017,04
XQ,+097882,+2470,+0481,2015/09/23,15:56:33,+351819413,-974377896,+00342751,04
XQ,+097885,+2478,+0485,2015/09/23,15:56:34,+351819386,-974377934,+00342211,04
XQ,+097886,+2490,+0485,2015/09/23,15:56:35,+351819412,-974377931,+00342076,04
XQ,+097889,+2468,+0484,2015/09/23,15:56:36,+351819422,-974377914,+00341566,04
XQ,+097887,+2462,+0484,2015/09/23,15:56:37,+351819409,-974377917,+00341375,04
XQ,+097883,+2473,+0493,2015/09/23,15:56:38,+351819430,-974377935,+00341557,04
XQ,+097882,+2447,+0504,2015/09/23,15:56:39,+351819507,-974377908,+00342162,04
XQ,+097891,+2436,+0499,2015/09/23,15:56:41,+351819306,-974377886,+00341012,04
XQ,+097887,+2448,+0482,2015/09/23,15:56:42,+351819259,-974377911,+00340905,04
XQ,+097829,+2478,+0504,2015/09/23,15:56:43,+351819232,-974377927,+00340061,04
XQ,+097833,+2501,+0502,2015/09/23,15:56:44,+351819239,-974377879,+00339006,04
XQ,+097845,+2529,+0523,2015/09/23,15:56:45,+351819242,-974377853,+00337006,04
XQ,+097842,+2535,+0513,2015/09/23,15:56:46,+351819243,-974377824,+00335848,04
XQ,+097846,+2535,+0516,2015/09/23,15:56:47,+351819263,-974377801,+00335625,04
XQ,+097840,+2534,+0515,2015/09/23,15:56:48,+351819248,-974377764,+00334203,04
XQ,+097838,+2532,+0521,2015/09/23,15:56:49,+351819273,-974377725,+00333889,04
XQ,+097842,+2544,+0521,2015/09/23,15:56:50,+351819270,-974377708,+00332848,04
XQ,+097840,+2545,+0521,2015/09/23,15:56:51,+351819337,-974377695,+00334593,05
XQ,+097846,+2544,+0529,2015/09/23,15:56:52,+351819320,-974377694,+00334906,05
XQ,+097840,+2540,+0526,2015/09/23,15:56:53,+351819291,-974377693,+00334877,05
XQ,+097848,+2542,+0529,2015/09/23,15:56:54,+351819280,-974377699,+00335398,05
XQ,+097842,+2540,+0524,2015/09/23,15:56:55,+351819279,-974377682,+00335096,05
XQ,+097841,+2546,+0526,2015/09/23,15:56:56,+351819274,-974377655,+00334965,05
XQ,+097840,+2539,+0536,2015/09/23,15:56:57,+351819249,-974377690,+00336743,06
XQ,+097840,+2525,+0525,2015/09/23,15:56:58,+351819251,-974377676,+00336533,06
XQ,+097846,+2515,+0521,2015/09/23,15:56:59,+351819244,-974377665,+00336228,06
XQ,+097845,+2517,+0519,2015/09/23,15:57:00,+351819238,-974377646,+00335416,06
XQ,+097844,+2512,+0519,2015/09/23,15:57:01,+351819214,-974377626,+00334753,06
XQ,+097842,+2508,+0521,2015/09/23,15:57:02,+351819193,-974377619,+00334325,06
XQ,+097831,+2505,+0516,2015/09/23,15:57:03,+351819169,-974377595,+00333001,06
XQ,+097839,+2505,+0514,2015/09/23,15:57:04,+351819160,-974377563,+00331733,06
XQ,+097844,+2506,+0517,2015/09/23,15:57:05,+351819144,-974377534,+00330597,06
XQ,+097842,+2506,+0524,2015/09/23,15:57:06,+351819126,-974377507,+00329632,06
XQ,+097836,+2504,+0523,2015/09/23,15:57:07,+351819112,-974377484,+00328811,06
XQ,+097835,+2505,+0524,2015/09/23,15:57:08,+351819111,-974377469,+00328441,06
XQ,+097839,+2502,+0522,2015/09/23,15:57:09,+351819107,-974377465,+00328246,06
XQ,+097847,+2499,+0525,2015/09/23,15:57:10,+351819093,-974377467,+00328235,06
XQ,+097832,+2497,+0528,2015/09/23,15:57:11,+351819074,-974377490,+00328775,06
XQ,+097837,+2501,+0542,2015/09/23,15:57:11,+351819060,-974377518,+00329374,07
XQ,+097844,+2501,+0532,2015/09/23,15:57:12,+351819054,-974377548,+00330005,07
XQ,+097842,+2507,+0539,2015/09/23,15:57:13,+351819058,-974377575,+00330432,07
XQ,+097839,+2505,+0531,2015/09/23,15:57:14,+351819060,-974377586,+00330613,07
XQ,+097834,+2498,+0520,2015/09/23,15:57:15,+351819055,-974377591,+00330790,07
XQ,+097842,+2496,+0524,2015/09/23,15:57:16,+351819061,-974377600,+00331345,07
XQ,+097841,+2492,+0518,2015/09/23,15:57:17,+351819068,-974377595,+00331923,07
XQ,+097842,+2495,+0518,2015/09/23,15:57:18,+351819077,-974377588,+00332252,07
XQ,+097844,+2499,+0520,2015/09/23,15:57:19,+351819083,-974377577,+00332477,07
XQ,+097842,+2498,+0518,2015/09/23,15:57:20,+351819100,-974377579,+00332863,07
XQ,+097840,+2496,+0514,2015/09/23,15:57:21,+351819115,-974377587,+00333373,07
XQ,+097844,+2490,+0520,2015/09/23,15:57:22,+351819130,-974377591,+00333507,07
XQ,+097837,+2489,+0521,2015/09/23,15:57:23,+351819151,-974377589,+00333684,07
XQ,+097846,+2490,+0520,2015/09/23,15:57:24,+351819164,-974377584,+00333835,07
XQ,+097842,+2491,+0519,2015/09/23,15:57:25,+351819179,-974377597,+00333999,07
XQ,+097841,+2491,+0523,2015/09/23,15:57:26,+351819198,-974377593,+00334199,07
XQ,+097842,+2489,+0521,2015/09/23,15:57:27,+351819225,-974377594,+00334463,07
XQ,+097841,+2493,+0517,2015/09/23,15:57:28,+351819240,-974377600,+00334879,07
XQ,+097839,+2497,+0522,2015/09/23,15:57:29,+351819257,-974377602,+00334978,07
XQ,+097844,+2495,+0515,2015/09/23,15:57:30,+351819278,-974377598,+00335076,07
XQ,+097838,+2496,+0518,2015/09/23,15:57:31,+351819295,-974377603,+00335202,07
XQ,+097841,+2498,+0520,2015/09/23,15:57:32,+351819309,-974377616,+00335225,08
XQ,+097831,+2491,+0523,2015/09/23,15:57:33,+351819318,-974377623,+00335329,08
XQ,+097842,+2486,+0517,2015/09/23,15:57:34,+351819333,-974377632,+00335459,08
XQ,+097839,+2483,+0521,2015/09/23,15:57:35,+351819346,-974377649,+00335411,08
XQ,+097840,+2482,+0519,2015/09/23,15:57:36,+351819354,-974377660,+00335333,08
XQ,+097847,+2479,+0522,2015/09/23,15:57:37,+351819358,-974377677,+00335062,08
XQ,+097842,+2477,+0519,2015/09/23,15:57:38,+351819359,-974377693,+00334884,08
XQ,+097838,+2484,+0521,2015/09/23,15:57:39,+351819367,-974377712,+00334723,08
XQ,+097848,+2488,+0527,2015/09/23,15:57:40,+351819370,-974377725,+00334606,08
XQ,+097839,+2485,+0531,2015/09/23,15:57:41,+351819373,-974377738,+00334378,08
XQ,+097837,+2486,+0533,2015/09/23,15:57:42,+351819377,-974377746,+00334329,08
XQ,+097841,+2490,+0534,2015/09/23,15:57:43,+351819382,-974377753,+00334286,08
XQ,+097840,+2498,+0536,2015/09/23,15:57:44,+351819382,-974377761,+00334269,08
XQ,+097840,+2497,+0538,2015/09/23,15:57:45,+351819376,-974377765,+00334130,08
XQ,+097837,+2498,+0540,2015/09/23,15:57:46,+351819371,-974377762,+00334169,08
XQ,+097831,+2492,+0539,2015/09/23,15:57:47,+351819363,-974377760,+00334181,08
XQ,+097839,+2498,+0542,2015/09/23,15:57:48,+351819355,-974377756,+00334210,08
XQ,+097837,+2493,+0532,2015/09/23,15:57:49,+351819346,-974377754,+00334222,08
XQ,+097845,+2495,+0539,2015/09/23,15:57:50,+351819338,-974377754,+00334247,08
XQ,+097843,+2487,+0540,2015/09/23,15:57:51,+351819330,-974377756,+00334316,08
XQ,+097836,+2486,+0535,2015/09/23,15:57:52,+351819323,-974377755,+00334516,08
XQ,+097841,+2485,+0536,2015/09/23,15:57:53,+351819320,-974377755,+00334729,08
XQ,+097840,+2485,+0535,2015/09/23,15:57:54,+351819317,-974377755,+00334878,08
XQ,+097840,+2484,+0532,2015/09/23,15:57:55,+351819312,-974377762,+00334987,08
XQ,+097840,+2489,+0537,2015/09/23,15:57:56,+351819309,-974377768,+00335134,08
XQ,+097834,+2489,+0539,2015/09/23,15:57:57,+351819309,-974377775,+00335296,08
XQ,+097839,+2492,+0534,2015/09/23,15:57:58,+351819307,-974377778,+00335546,08
XQ,+097842,+2486,+0539,2015/09/23,15:57:59,+351819307,-974377782,+00335808,08
XQ,+097839,+2484,+0530,2015/09/23,15:58:00,+351819307,-974377779,+00335959,08
XQ,+097842,+2479,+0541,2015/09/23,15:58:01,+351819310,-974377782,+00336192,08
XQ,+097839,+2482,+0539,2015/09/23,15:58:02,+351819308,-974377783,+00336356,08
XQ,+097841,+2484,+0530,2015/09/23,15:58:03,+351819308,-974377785,+00336597,08
XQ,+097836,+2487,+0532,2015/09/23,15:58:04,+351819306,-974377789,+00336901,08
XQ,+097845,+2483,+0538,2015/09/23,15:58:05,+351819306,-974377793,+00337118,08
XQ,+097834,+2479,+0538,2015/09/23,15:58:06,+351819306,-974377796,+00337387,08
XQ,+097835,+2480,+0535,2015/09/23,15:58:07,+351819308,-974377806,+00337743,08
XQ,+097842,+2478,+0536,2015/09/23,15:58:08,+351819313,-974377811,+00338289,08
XQ,+097843,+2471,+0542,2015/09/23,15:58:09,+351819315,-974377813,+00338675,08
XQ,+097835,+2471,+0542,2015/09/23,15:58:10,+351819316,-974377812,+00338979,08
XQ,+097837,+2472,+0539,2015/09/23,15:58:11,+351819320,-974377811,+00339351,08
XQ,+097838,+2473,+0541,2015/09/23,15:58:12,+351819316,-974377812,+00339617,08
XQ,+097833,+2472,+0539,2015/09/23,15:58:13,+351819316,-974377815,+00339719,08
XQ,+097840,+2470,+0539,2015/09/23,15:58:14,+351819317,-974377820,+00339770,08
XQ,+097840,+2469,+0536,2015/09/23,15:58:15,+351819319,-974377822,+00339909,08
XQ,+097839,+2472,+0538,2015/09/23,15:58:16,+351819321,-974377817,+00339912,08
XQ,+097841,+2472,+0539,2015/09/23,15:58:17,+351819327,-974377811,+00339834,08
XQ,+097837,+2471,+0539,2015/09/23,15:58:18,+351819331,-974377814,+00339812,08
XQ,+097836,+2475,+0538,2015/09/23,15:58:19,+351819336,-974377822,+00339759,08
XQ,+097842,+2476,+0542,2015/09/23,15:58:20,+351819340,-974377833,+00339663,08
XQ,+097843,+2474,+0541,2015/09/23,15:58:21,+351819340,-974377847,+00339584,08
XQ,+097833,+2473,+0540,2015/09/23,15:58:22,+351819338,-974377855,+00339525,08
XQ,+097842,+2475,+0542,2015/09/23,15:58:23,+351819331,-974377860,+00339387,08
XQ,+097834,+2477,+0549,2015/09/23,15:58:24,+351819323,-974377864,+00339339,07
XQ,+097839,+2473,+0548,2015/09/23,15:58:25,+351819316,-974377871,+00339276,08
XQ,+097832,+2477,+0547,2015/09/23,15:58:26,+351819314,-974377878,+00339289,08
XQ,+097827,+2471,+0539,2015/09/23,15:58:27,+351819309,-974377878,+00339284,07
XQ,+097841,+2470,+0536,2015/09/23,15:58:28,+351819307,-974377879,+00339247,07
XQ,+097833,+2471,+0539,2015/09/23,15:58:29,+351819303,-974377877,+00339159,07
XQ,+097837,+2469,+0541,2015/09/23,15:58:30,+351819299,-974377883,+00339040,08
XQ,+097835,+2471,+0541,2015/09/23,15:58:31,+351819300,-974377892,+00338986,08
XQ,+097837,+2474,+0538,2015/09/23,15:58:32,+351819298,-974377899,+00338883,08
XQ,+097829,+2475,+0535,2015/09/23,15:58:33,+351819291,-974377905,+00338791,08
XQ,+097827,+2473,+0541,2015/09/23,15:58:34,+351819285,-974377913,+00338699,08
XQ,+097834,+2480,+0539,2015/09/23,15:58:35,+351819281,-974377927,+00338649,08
XQ,+097837,+2489,+0541,2015/09/23,15:58:36,+351819275,-974377940,+00338488,08
XQ,+097841,+2485,+0542,2015/09/23,15:58:37,+351819269,-974377954,+00338299,08
XQ,+097837,+2480,+0545,2015/09/23,15:58:38,+351819268,-974377966,+00338186,08
XQ,+097832,+2478,+0546,2015/09/23,15:58:39,+351819262,-974377972,+00338217,08
XQ,+097841,+2477,+0539,2015/09/23,15:58:40,+351819256,-974377978,+00338261,08
XQ,+097838,+2478,+0542,2015/09/23,15:58:41,+351819244,-974377984,+00338314,08
XQ,+097832,+2482,+0535,2015/09/23,15:58:42,+351819233,-974377993,+00338313,08
XQ,+097836,+2487,+0538,2015/09/23,15:58:43,+351819223,-974377996,+00338375,08
XQ,+097833,+2487,+0539,2015/09/23,15:58:44,+351819210,-974377998,+00338423,08
XQ,+097838,+2489,+0538,2015/09/23,15:58:45,+351819205,-974378002,+00338414,08
XQ,+097835,+2484,+0541,2015/09/23,15:58:46,+351819202,-974378003,+00338460,08
XQ,+097840,+2478,+0539,2015/09/23,15:58:47,+351819199,-974378008,+00338438,08
XQ,+097836,+2479,+0533,2015/09/23,15:58:48,+351819195,-974378009,+00338529,08
XQ,+097836,+2480,+0541,2015/09/23,15:58:49,+351819190,-974378010,+00338650,08
XQ,+097835,+2480,+0540,2015/09/23,15:58:50,+351819190,-974378009,+00338802,08
XQ,+097830,+2479,+0540,2015/09/23,15:58:51,+351819186,-974378006,+00338925,08
XQ,+097835,+2480,+0539,2015/09/23,15:58:52,+351819184,-974377997,+00339126,08
XQ,+097841,+2480,+0539,2015/09/23,15:58:53,+351819181,-974377992,+00339255,08
XQ,+097837,+2485,+0542,2015/09/23,15:58:54,+351819182,-974377982,+00339448,08
XQ,+097836,+2483,+0542,2015/09/23,15:58:55,+351819181,-974377974,+00339503,07
XQ,+097831,+2479,+0539,2015/09/23,15:58:56,+351819179,-974377967,+00339675,07
XQ,+097837,+2475,+0532,2015/09/23,15:58:57,+351819173,-974377963,+00339799,08
XQ,+097837,+2474,+0532,2015/09/23,15:58:58,+351819178,-974377961,+00339952,08
XQ,+097837,+2472,+0532,2015/09/23,15:58:59,+351819187,-974377961,+00340128,08
XQ,+097835,+2471,+0538,2015/09/23,15:59:00,+351819197,-974377963,+00340235,08
XQ,+097838,+2474,+0540,2015/09/23,15:59:01,+351819202,-974377965,+00340287,08
XQ,+097834,+2474,+0542,2015/09/23,15:59:02,+351819212,-974377960,+00340295,08
XQ,+097832,+2472,+0540,2015/09/23,15:59:03,+351819214,-974377956,+00340409,08
XQ,+097828,+2472,+0540,2015/09/23,15:59:04,+351819217,-974377954,+00340556,08
XQ,+097835,+2473,+0541,2015/09/23,15:59:05,+351819219,-974377950,+00340674,08
XQ,+097834,+2475,+0540,2015/09/23,15:59:06,+351819223,-974377950,+00340762,08
XQ,+097834,+2477,+0541,2015/09/23,15:59:07,+351819234,-974377947,+00340896,08
XQ,+097845,+2482,+0539,2015/09/23,15:59:08,+351819240,-974377947,+00341050,08
XQ,+097838,+2482,+0539,2015/09/23,15:59:09,+351819250,-974377943,+00341165,08
XQ,+097835,+2480,+0538,2015/09/23,15:59:10,+351819261,-974377934,+00341311,08
XQ,+097835,+2485,+0539,2015/09/23,15:59:11,+351819269,-974377928,+00341506,08
XQ,+097834,+2484,+0538,2015/09/23,15:59:12,+351819278,-974377926,+00341678,08
XQ,+097833,+2479,+0529,2015/09/23,15:59:13,+351819286,-974377920,+00341844,10
XQ,+097836,+2479,+0529,2015/09/23,15:59:14,+351819294,-974377914,+00342012,10
XQ,+097834,+2475,+0539,2015/09/23,15:59:15,+351819302,-974377909,+00342143,10
XQ,+097836,+2472,+0535,2015/09/23,15:59:16,+351819310,-974377903,+00342259,10
XQ,+097835,+2470,+0535,2015/09/23,15:59:17,+351819315,-974377897,+00342355,10
XQ,+097830,+2468,+0532,2015/09/23,15:59:18,+351819318,-974377895,+00342471,10
XQ,+097831,+2470,+0534,2015/09/23,15:59:19,+351819319,-974377888,+00342501,10
XQ,+097833,+2469,+0534,2015/09/23,15:59:20,+351819320,-974377880,+00342578,10
XQ,+097824,+2469,+0539,2015/09/23,15:59:21,+351819318,-974377875,+00342675,10
XQ,+097834,+2472,+0531,2015/09/23,15:59:22,+351819318,-974377875,+00342786,10
XQ,+097834,+2478,+0531,2015/09/23,15:59:23,+351819324,-974377867,+00342856,10
XQ,+097836,+2479,+0540,2015/09/23,15:59:24,+351819328,-974377863,+00342938,10
XQ,+097825,+2474,+0539,2015/09/23,15:59:25,+351819336,-974377853,+00343018,10
XQ,+097828,+2471,+0533,2015/09/23,15:59:26,+351819336,-974377847,+00343080,10
XQ,+097830,+2472,+0536,2015/09/23,15:59:27,+351819334,-974377845,+00343090,10
XQ,+097831,+2482,+0533,2015/09/23,15:59:28,+351819336,-974377841,+00343130,10
XQ,+097833,+2481,+0536,2015/09/23,15:59:29,+351819342,-974377843,+00343179,10
XQ,+097836,+2481,+0539,2015/09/23,15:59:30,+351819350,-974377841,+00343282,10
XQ,+097832,+2481,+0539,2015/09/23,15:59:31,+351819355,-974377841,+00343318,10
XQ,+097828,+2475,+0537,2015/09/23,15:59:32,+351819362,-974377842,+00343305,10
XQ,+097824,+2472,+0536,2015/09/23,15:59:33,+351819364,-974377840,+00343252,10
XQ,+097836,+2471,+0537,2015/09/23,15:59:34,+351819366,-974377839,+00343258,10
XQ,+097828,+2471,+0540,2015/09/23,15:59:35,+351819369,-974377836,+00343363,10
XQ,+097834,+2475,+0537,2015/09/23,15:59:36,+351819374,-974377834,+00343492,10
XQ,+097832,+2476,+0535,2015/09/23,15:59:37,+351819376,-974377831,+00343566,10
XQ,+097833,+2481,+0534,2015/09/23,15:59:38,+351819374,-974377828,+00343622,10
XQ,+097829,+2481,+0537,2015/09/23,15:59:39,+351819373,-974377827,+00343694,10
XQ,+097835,+2472,+0533,2015/09/23,15:59:40,+351819372,-974377826,+00343796,10
XQ,+097834,+2471,+0534,2015/09/23,15:59:41,+351819370,-974377824,+00343943,10
XQ,+097833,+2470,+0535,2015/09/23,15:59:42,+351819368,-974377821,+00344076,10
XQ,+097836,+2469,+0540,2015/09/23,15:59:43,+351819363,-974377818,+00344171,10
XQ,+097833,+2467,+0540,2015/09/23,15:59:44,+351819359,-974377814,+00344276,10
XQ,+097830,+2466,+0536,2015/09/23,15:59:45,+351819354,-974377810,+00344335,10
XQ,+097833,+2465,+0538,2015/09/23,15:59:46,+351819349,-974377806,+00344430,10
XQ,+097829,+2466,+0540,2015/09/23,15:59:47,+351819340,-974377802,+00344500,10
XQ,+097830,+2465,+0537,2015/09/23,15:59:48,+351819330,-974377797,+00344543,10
XQ,+097832,+2464,+0538,2015/09/23,15:59:49,+351819318,-974377792,+00344525,10
XQ,+097837,+2465,+0540,2015/09/23,15:59:50,+351819308,-974377789,+00344527,10
XQ,+097835,+2463,+0537,2015/09/23,15:59:51,+351819301,-974377784,+00344576,10
XQ,+097831,+2468,+0541,2015/09/23,15:59:52,+351819295,-974377777,+00344607,10
XQ,+097833,+2469,+0537,2015/09/23,15:59:53,+351819289,-974377772,+00344643,10
XQ,+097837,+2470,+0538,2015/09/23,15:59:54,+351819283,-974377763,+00344675,10
XQ,+097836,+2469,+0535,2015/09/23,15:59:55,+351819279,-974377760,+00344629,10
XQ,+097838,+2471,+0534,2015/09/23,15:59:56,+351819277,-974377762,+00344619,10
XQ,+097836,+2476,+0538,2015/09/23,15:59:57,+351819272,-974377763,+00344598,10
XQ,+097829,+2478,+0540,2015/09/23,15:59:58,+351819269,-974377763,+00344594,10
XQ,+097838,+2473,+0536,2015/09/23,15:59:59,+351819267,-974377765,+00344601,10
XQ,+097834,+2467,+0530,2015/09/23,16:00:00,+351819264,-974377767,+00344627,10
XQ,+097835,+2467,+0539,2015/09/23,16:00:01,+351819266,-974377770,+00344667,10
XQ,+097836,+2473,+0528,2015/09/23,16:00:02,+351819264,-974377771,+00344643,10
XQ,+097839,+2475,+0532,2015/09/23,16:00:03,+351819264,-974377774,+00344698,10
XQ,+097830,+2474,+0533,2015/09/23,16:00:04,+351819261,-974377778,+00344822,10
XQ,+097831,+2468,+0532,2015/09/23,16:00:05,+351819259,-974377780,+00344823,09
XQ,+097830,+2469,+0534,2015/09/23,16:00:06,+351819257,-974377786,+00344836,10
XQ,+097829,+2466,+0537,2015/09/23,16:00:07,+351819256,-974377792,+00344922,10
XQ,+097835,+2469,+0538,2015/09/23,16:00:08,+351819255,-974377797,+00344969,10
XQ,+097831,+2481,+0540,2015/09/23,16:00:09,+351819253,-974377801,+00345139,10
XQ,+097827,+2475,+0532,2015/09/23,16:00:10,+351819254,-974377808,+00345116,10
XQ,+097837,+2468,+0532,2015/09/23,16:00:11,+351819256,-974377813,+00345165,10
XQ,+097830,+2467,+0537,2015/09/23,16:00:12,+351819258,-974377820,+00345212,10
XQ,+097828,+2468,+0537,2015/09/23,16:00:13,+351819261,-974377826,+00345298,10
XQ,+097830,+2467,+0539,2015/09/23,16:00:14,+351819265,-974377831,+00345321,10
XQ,+097830,+2466,+0538,2015/09/23,16:00:15,+351819270,-974377840,+00345369,10
XQ,+097833,+2468,+0536,2015/09/23,16:00:16,+351819277,-974377845,+00345424,10
XQ,+097830,+2471,+0541,2015/09/23,16:00:17,+351819283,-974377851,+00345396,10
XQ,+097837,+2474,+0538,2015/09/23,16:00:18,+351819289,-974377857,+00345384,10
XQ,+097837,+2472,+0538,2015/09/23,16:00:19,+351819295,-974377866,+00345345,10
XQ,+097835,+2470,+0541,2015/09/23,16:00:20,+351819303,-974377873,+00345340,10
XQ,+097837,+2473,+0541,2015/09/23,16:00:21,+351819311,-974377881,+00345335,10
XQ,+097827,+2473,+0540,2015/09/23,16:00:22,+351819318,-974377887,+00345326,10
XQ,+097830,+2474,+0546,2015/09/23,16:00:23,+351819320,-974377891,+00345254,10
XQ,+097830,+2477,+0554,2015/09/23,16:00:24,+351819325,-974377898,+00345122,10
XQ,+097833,+2481,+0559,2015/09/23,16:00:25,+351819329,-974377902,+00345074,10
XQ,+097833,+2484,+0559,2015/09/23,16:00:26,+351819332,-974377902,+00345036,09
XQ,+097837,+2482,+0546,2015/09/23,16:00:27,+351819336,-974377907,+00345024,10
XQ,+097837,+2486,+0556,2015/09/23,16:00:28,+351819339,-974377911,+00344967,10
XQ,+097836,+2479,+0558,2015/09/23,16:00:29,+351819343,-974377918,+00344935,10
XQ,+097836,+2475,+0558,2015/09/23,16:00:30,+351819343,-974377924,+00344934,10
XQ,+097833,+2471,+0551,2015/09/23,16:00:31,+351819344,-974377930,+00344944,10
XQ,+097828,+2472,+0560,2015/09/23,16:00:32,+351819340,-974377929,+00344909,10
XQ,+097837,+2475,+0555,2015/09/23,16:00:33,+351819345,-974377930,+00344890,10
XQ,+097832,+2479,+0560,2015/09/23,16:00:34,+351819350,-974377932,+00344853,10
XQ,+097836,+2482,+0560,2015/09/23,16:00:35,+351819351,-974377937,+00344853,10
XQ,+097833,+2486,+0553,2015/09/23,16:00:36,+351819350,-974377939,+00344909,09
XQ,+097832,+2482,+0559,2015/09/23,16:00:37,+351819350,-974377946,+00344964,10
XQ,+097836,+2479,+0544,2015/09/23,16:00:38,+351819348,-974377947,+00345048,10
XQ,+097829,+2481,+0540,2015/09/23,16:00:39,+351819344,-974377948,+00345032,10
XQ,+097827,+2488,+0542,2015/09/23,16:00:40,+351819339,-974377949,+00344932,10
XQ,+097832,+2485,+0540,2015/09/23,16:00:41,+351819337,-974377947,+00345039,10
XQ,+097835,+2481,+0545,2015/09/23,16:00:42,+351819337,-974377943,+00345186,10
XQ,+097834,+2482,+0549,2015/09/23,16:00:43,+351819338,-974377939,+00345381,10
XQ,+097830,+2485,+0557,2015/09/23,16:00:44,+351819340,-974377936,+00345579,10
XQ,+097830,+2485,+0546,2015/09/23,16:00:45,+351819341,-974377926,+00345795,10
XQ,+097834,+2479,+0539,2015/09/23,16:00:46,+351819334,-974377916,+00345936,10
XQ,+097835,+2475,+0538,2015/09/23,16:00:47,+351819324,-974377907,+00346024,10
XQ,+097836,+2478,+0535,2015/09/23,16:00:48,+351819322,-974377898,+00346078,10
XQ,+097833,+2476,+0535,2015/09/23,16:00:49,+351819324,-974377892,+00346220,10
XQ,+097825,+2472,+0534,2015/09/23,16:00:50,+351819323,-974377883,+00346273,10
XQ,+097835,+2473,+0537,2015/09/23,16:00:51,+351819324,-974377872,+00346373,10
XQ,+097833,+2473,+0538,2015/09/23,16:00:52,+351819327,-974377860,+00346416,10
XQ,+097834,+2475,+0539,2015/09/23,16:00:53,+351819328,-974377854,+00346463,10
XQ,+097829,+2476,+0532,2015/09/23,16:00:54,+351819329,-974377842,+00346559,10
XQ,+097832,+2478,+0540,2015/09/23,16:00:55,+351819331,-974377830,+00346615,10
XQ,+097833,+2475,+0538,2015/09/23,16:00:56,+351819328,-974377817,+00346615,10
XQ,+097832,+2473,+0538,2015/09/23,16:00:57,+351819327,-974377805,+00346601,10
XQ,+097831,+2475,+0530,2015/09/23,16:00:58,+351819333,-974377794,+00346644,10
XQ,+097825,+2474,+0527,2015/09/23,16:00:59,+351819336,-974377788,+00346703,10
XQ,+097823,+2470,+0537,2015/09/23,16:01:00,+351819340,-974377781,+00346771,10
XQ,+097828,+2468,+0536,2015/09/23,16:01:01,+351819338,-974377771,+00346638,10
XQ,+097834,+2467,+0536,2015/09/23,16:01:02,+351819339,-974377767,+00346559,10
XQ,+097830,+2472,+0530,2015/09/23,16:01:03,+351819339,-974377766,+00346394,10
XQ,+097832,+2470,+0538,2015/09/23,16:01:04,+351819339,-974377758,+00346381,10
XQ,+097831,+2471,+0531,2015/09/23,16:01:05,+351819337,-974377748,+00346373,11
XQ,+097829,+2472,+0528,2015/09/23,16:01:06,+351819335,-974377741,+00346383,11
XQ,+097831,+2471,+0531,2015/09/23,16:01:07,+351819329,-974377732,+00346165,12
XQ,+097831,+2468,+0529,2015/09/23,16:01:08,+351819323,-974377727,+00346069,12
XQ,+097829,+2462,+0537,2015/09/23,16:01:09,+351819318,-974377724,+00346009,12
XQ,+097827,+2475,+0531,2015/09/23,16:01:10,+351819312,-974377722,+00345841,12
XQ,+097831,+2479,+0538,2015/09/23,16:01:11,+351819306,-974377722,+00345635,12
XQ,+097827,+2472,+0531,2015/09/23,16:01:12,+351819299,-974377726,+00345412,12
XQ,+097830,+2468,+0528,2015/09/23,16:01:13,+351819289,-974377724,+00345159,12
XQ,+097831,+2467,+0531,2015/09/23,16:01:14,+351819278,-974377719,+00344878,12
XQ,+097829,+2465,+0517,2015/09/23,16:01:15,+351819266,-974377716,+00344486,12
XQ,+097825,+2466,+0523,2015/09/23,16:01:16,+351819254,-974377711,+00344106,12
XQ,+097830,+2467,+0530,2015/09/23,16:01:17,+351819247,-974377706,+00343820,12
XQ,+097826,+2469,+0536,2015/09/23,16:01:18,+351819242,-974377702,+00343507,12
XQ,+097831,+2467,+0530,2015/09/23,16:01:19,+351819237,-974377694,+00343357,12
XQ,+097836,+2468,+0537,2015/09/23,16:01:20,+351819237,-974377691,+00343185,12
XQ,+097830,+2464,+0537,2015/09/23,16:01:21,+351819230,-974377685,+00343024,12
XQ,+097834,+2469,+0535,2015/09/23,16:01:22,+351819232,-974377678,+00343033,12
XQ,+097831,+2473,+0540,2015/09/23,16:01:23,+351819231,-974377673,+00342926,12
XQ,+097829,+2472,+0534,2015/09/23,16:01:24,+351819232,-974377668,+00342917,12
XQ,+097827,+2467,+0534,2015/09/23,16:01:25,+351819236,-974377666,+00342977,12
XQ,+097832,+2466,+0535,2015/09/23,16:01:26,+351819244,-974377665,+00342970,12
XQ,+097831,+2473,+0539,2015/09/23,16:01:27,+351819251,-974377666,+00342887,12
XQ,+097831,+2467,+0535,2015/09/23,16:01:28,+351819256,-974377667,+00342847,12
XQ,+097833,+2468,+0535,2015/09/23,16:01:29,+351819260,-974377671,+00342669,12
XQ,+097829,+2470,+0539,2015/09/23,16:01:30,+351819264,-974377673,+00342544,12
XQ,+097832,+2470,+0541,2015/09/23,16:01:31,+351819267,-974377675,+00342525,12
XQ,+097830,+2472,+0537,2015/09/23,16:01:32,+351819271,-974377676,+00342393,12
XQ,+097831,+2473,+0539,2015/09/23,16:01:33,+351819275,-974377677,+00342204,12
XQ,+097823,+2470,+0539,2015/09/23,16:01:34,+351819281,-974377687,+00342153,12
XQ,+097831,+2472,+0538,2015/09/23,16:01:35,+351819285,-974377700,+00342080,11
XQ,+097825,+2471,+0538,2015/09/23,16:01:36,+351819287,-974377716,+00341970,11
XQ,+097827,+2472,+0540,2015/09/23,16:01:37,+351819293,-974377735,+00341934,11
XQ,+097821,+2470,+0537,2015/09/23,16:01:38,+351819298,-974377751,+00341837,11
XQ,+097830,+2467,+0537,2015/09/23,16:01:39,+351819306,-974377771,+00341802,12
XQ,+097829,+2468,+0539,2015/09/23,16:01:40,+351819310,-974377788,+00341704,12
XQ,+097832,+2472,+0539,2015/09/23,16:01:41,+351819310,-974377798,+00341595,12
XQ,+097824,+2471,+0537,2015/09/23,16:01:42,+351819314,-974377809,+00341638,12
XQ,+097832,+2473,+0537,2015/09/23,16:01:43,+351819318,-974377817,+00341760,12
XQ,+097828,+2472,+0540,2015/09/23,16:01:44,+351819322,-974377820,+00341953,12
XQ,+097828,+2474,+0542,2015/09/23,16:01:45,+351819323,-974377825,+00342057,12
XQ,+097834,+2482,+0548,2015/09/23,16:01:46,+351819331,-974377826,+00342158,12
XQ,+097825,+2476,+0545,2015/09/23,16:01:47,+351819333,-974377824,+00342328,12
XQ,+097825,+2480,+0549,2015/09/23,16:01:48,+351819335,-974377824,+00342440,12
XQ,+097825,+2481,+0557,2015/09/23,16:01:49,+351819332,-974377821,+00342447,12
XQ,+097822,+2480,+0554,2015/09/23,16:01:50,+351819329,-974377819,+00342338,11
XQ,+097830,+2477,+0544,2015/09/23,16:01:51,+351819326,-974377815,+00342266,11
XQ,+097830,+2470,+0540,2015/09/23,16:01:52,+351819320,-974377810,+00342293,11
XQ,+097824,+2467,+0536,2015/09/23,16:01:53,+351819320,-974377804,+00342390,11
XQ,+097822,+2466,+0535,2015/09/23,16:01:54,+351819317,-974377801,+00342468,11
XQ,+097826,+2466,+0534,2015/09/23,16:01:55,+351819318,-974377801,+00342564,12
XQ,+097831,+2466,+0533,2015/09/23,16:01:56,+351819319,-974377800,+00342535,12
XQ,+097826,+2471,+0538,2015/09/23,16:01:57,+351819319,-974377799,+00342438,11
XQ,+097832,+2468,+0540,2015/09/23,16:01:58,+351819320,-974377796,+00342393,11
XQ,+097826,+2467,+0537,2015/09/23,16:01:59,+351819318,-974377792,+00342322,11
XQ,+097822,+2470,+0538,2015/09/23,16:02:00,+351819312,-974377784,+00342153,11
XQ,+097826,+2466,+0537,2015/09/23,16:02:01,+351819307,-974377774,+00342036,11
XQ,+097834,+2466,+0538,2015/09/23,16:02:02,+351819302,-974377767,+00341900,11
XQ,+097825,+2466,+0538,2015/09/23,16:02:03,+351819302,-974377759,+00341861,11
XQ,+097831,+2468,+0541,2015/09/23,16:02:04,+351819299,-974377746,+00341597,11
XQ,+097831,+2469,+0540,2015/09/23,16:02:05,+351819298,-974377734,+00341387,11
XQ,+097836,+2467,+0540,2015/09/23,16:02:06,+351819297,-974377726,+00341239,11
XQ,+097825,+2469,+0537,2015/09/23,16:02:07,+351819296,-974377717,+00341149,11
XQ,+097830,+2468,+0540,2015/09/23,16:02:08,+351819295,-974377709,+00341001,11
XQ,+097832,+2471,+0539,2015/09/23,16:02:09,+351819293,-974377701,+00340825,11
XQ,+097830,+2473,+0542,2015/09/23,16:02:10,+351819288,-974377696,+00340666,11
XQ,+097828,+2471,+0544,2015/09/23,16:02:11,+351819287,-974377687,+00340476,11
XQ,+097825,+2467,+0540,2015/09/23,16:02:12,+351819284,-974377678,+00340293,11
XQ,+097831,+2465,+0540,2015/09/23,16:02:13,+351819279,-974377666,+00339995,11
XQ,+097827,+2465,+0539,2015/09/23,16:02:14,+351819278,-974377653,+00339696,11
XQ,+097828,+2465,+0538,2015/09/23,16:02:15,+351819276,-974377640,+00339371,11
XQ,+097830,+2465,+0543,2015/09/23,16:02:16,+351819279,-974377629,+00339126,11
XQ,+097822,+2464,+0549,2015/09/23,16:02:17,+351819284,-974377619,+00338799,11
XQ,+097827,+2466,+0555,2015/09/23,16:02:18,+351819285,-974377609,+00338491,11
XQ,+097832,+2469,+0558,2015/09/23,16:02:19,+351819285,-974377600,+00338332,10
XQ,+097831,+2465,+0558,2015/09/23,16:02:20,+351819284,-974377589,+00338145,10
XQ,+097828,+2465,+0558,2015/09/23,16:02:21,+351819285,-974377577,+00337920,10
XQ,+097825,+2462,+0555,2015/09/23,16:02:22,+351819286,-974377570,+00337616,10
XQ,+097830,+2462,+0555,2015/09/23,16:02:23,+351819287,-974377563,+00337356,10
XQ,+097830,+2461,+0560,2015/09/23,16:02:24,+351819290,-974377558,+00337164,10
XQ,+097828,+2459,+0555,2015/09/23,16:02:25,+351819291,-974377555,+00336932,10
XQ,+097832,+2460,+0551,2015/09/23,16:02:26,+351819289,-974377550,+00336790,10
XQ,+097823,+2466,+0560,2015/09/23,16:02:27,+351819291,-974377552,+00336856,09
XQ,+097825,+2474,+0558,2015/09/23,16:02:28,+351819292,-974377554,+00336888,09
XQ,+097830,+2476,+0556,2015/09/23,16:02:29,+351819294,-974377555,+00336904,09
XQ,+097828,+2471,+0558,2015/09/23,16:02:30,+351819296,-974377555,+00336848,09
XQ,+097828,+2469,+0560,2015/09/23,16:02:31,+351819298,-974377557,+00336813,09
XQ,+097828,+2469,+0560,2015/09/23,16:02:32,+351819296,-974377558,+00336727,09
XQ,+097824,+2468,+0555,2015/09/23,16:02:33,+351819294,-974377560,+00336737,09
XQ,+097826,+2469,+0557,2015/09/23,16:02:34,+351819293,-974377562,+00336715,09
XQ,+097827,+2470,+0555,2015/09/23,16:02:35,+351819294,-974377566,+00336676,09
XQ,+097827,+2469,+0556,2015/09/23,16:02:36,+351819296,-974377568,+00336714,09
XQ,+097830,+2472,+0560,2015/09/23,16:02:37,+351819298,-974377569,+00336741,09
XQ,+097831,+2473,+0555,2015/09/23,16:02:38,+351819303,-974377575,+00336613,10
XQ,+097827,+2476,+0552,2015/09/23,16:02:39,+351819308,-974377577,+00336332,11
XQ,+097826,+2473,+0548,2015/09/23,16:02:40,+351819312,-974377579,+00336006,11
XQ,+097818,+2467,+0541,2015/09/23,16:02:41,+351819313,-974377583,+00335717,11
XQ,+097828,+2470,+0539,2015/09/23,16:02:42,+351819312,-974377585,+00335508,11
XQ,+097829,+2475,+0539,2015/09/23,16:02:43,+351819311,-974377587,+00335384,11
XQ,+097830,+2477,+0538,2015/09/23,16:02:44,+351819309,-974377586,+00335309,11
XQ,+097828,+2472,+0540,2015/09/23,16:02:45,+351819306,-974377588,+00335212,11
XQ,+097827,+2469,+0537,2015/09/23,16:02:46,+351819301,-974377588,+00335157,11
XQ,+097831,+2471,+0541,2015/09/23,16:02:47,+351819297,-974377585,+00335119,11
XQ,+097825,+2474,+0540,2015/09/23,16:02:48,+351819293,-974377585,+00335062,11
XQ,+097823,+2476,+0541,2015/09/23,16:02:49,+351819290,-974377586,+00335035,11
XQ,+097828,+2484,+0541,2015/09/23,16:02:50,+351819289,-974377589,+00335017,11
XQ,+097829,+2483,+0539,2015/09/23,16:02:51,+351819287,-974377589,+00335057,11
XQ,+097822,+2474,+0539,2015/09/23,16:02:52,+351819286,-974377588,+00335104,11
XQ,+097833,+2470,+0541,2015/09/23,16:02:53,+351819286,-974377587,+00335097,11
XQ,+097830,+2475,+0538,2015/09/23,16:02:54,+351819282,-974377590,+00334989,11
XQ,+097825,+2477,+0544,2015/09/23,16:02:55,+351819278,-974377592,+00334934,11
XQ,+097828,+2476,+0548,2015/09/23,16:02:56,+351819274,-974377595,+00334908,11
XQ,+097830,+2477,+0553,2015/09/23,16:02:57,+351819272,-974377599,+00335011,11
XQ,+097827,+2476,+0557,2015/09/23,16:02:58,+351819269,-974377603,+00335183,11
XQ,+097828,+2476,+0547,2015/09/23,16:02:59,+351819267,-974377606,+00335361,10
XQ,+097828,+2475,+0560,2015/09/23,16:03:00,+351819263,-974377612,+00335584,11
XQ,+097828,+2478,+0556,2015/09/23,16:03:01,+351819257,-974377617,+00335833,11
XQ,+097833,+2477,+0551,2015/09/23,16:03:02,+351819251,-974377623,+00336008,11
XQ,+097824,+2476,+0550,2015/09/23,16:03:03,+351819246,-974377628,+00336181,11
XQ,+097824,+2476,+0550,2015/09/23,16:03:04,+351819244,-974377633,+00336400,11
XQ,+097830,+2475,+0558,2015/09/23,16:03:05,+351819240,-974377637,+00336852,10
XQ,+097823,+2472,+0545,2015/09/23,16:03:06,+351819235,-974377644,+00337223,11
XQ,+097826,+2470,+0539,2015/09/23,16:03:07,+351819232,-974377649,+00337610,11
XQ,+097828,+2469,+0540,2015/09/23,16:03:08,+351819225,-974377658,+00338114,10
XQ,+097826,+2468,+0543,2015/09/23,16:03:09,+351819220,-974377663,+00338542,10
XQ,+097829,+2471,+0549,2015/09/23,16:03:10,+351819214,-974377670,+00338783,10
XQ,+097830,+2471,+0553,2015/09/23,16:03:11,+351819210,-974377677,+00339111,10
XQ,+097819,+2472,+0557,2015/09/23,16:03:12,+351819208,-974377683,+00339512,10
XQ,+097825,+2471,+0560,2015/09/23,16:03:13,+351819207,-974377688,+00339929,10
XQ,+097830,+2472,+0548,2015/09/23,16:03:14,+351819208,-974377690,+00340343,10
XQ,+097827,+2470,+0560,2015/09/23,16:03:15,+351819209,-974377692,+00340683,10
XQ,+097828,+2473,+0548,2015/09/23,16:03:16,+351819212,-974377694,+00341076,10
XQ,+097834,+2473,+0549,2015/09/23,16:03:17,+351819214,-974377695,+00341435,10
XQ,+097828,+2475,+0558,2015/09/23,16:03:18,+351819220,-974377700,+00341839,10
XQ,+097831,+2472,+0549,2015/09/23,16:03:19,+351819221,-974377703,+00342086,10
XQ,+097831,+2471,+0548,2015/09/23,16:03:20,+351819224,-974377702,+00342375,10
XQ,+097825,+2474,+0557,2015/09/23,16:03:21,+351819226,-974377700,+00342614,10
XQ,+097827,+2473,+0559,2015/09/23,16:03:22,+351819226,-974377699,+00342836,10
XQ,+097832,+2469,+0556,2015/09/23,16:03:23,+351819228,-974377698,+00343109,10
XQ,+097830,+2467,+0549,2015/09/23,16:03:24,+351819228,-974377696,+00343292,10
XQ,+097826,+2472,+0558,2015/09/23,16:03:25,+351819229,-974377696,+00343383,10
XQ,+097826,+2470,+0554,2015/09/23,16:03:26,+351819229,-974377697,+00343569,10
XQ,+097826,+2469,+0559,2015/09/23,16:03:27,+351819229,-974377700,+00343721,10
XQ,+097830,+2471,+0556,2015/09/23,16:03:28,+351819230,-974377700,+00343955,10
XQ,+097827,+2470,+0558,2015/09/23,16:03:29,+351819231,-974377698,+00344131,10
XQ,+097827,+2476,+0560,2015/09/23,16:03:30,+351819233,-974377697,+00344288,10
XQ,+097829,+2474,+0558,2015/09/23,16:03:31,+351819234,-974377695,+00344383,10
XQ,+097825,+2469,+0559,2015/09/23,16:03:32,+351819235,-974377691,+00344426,10
XQ,+097816,+2467,+0553,2015/09/23,16:03:33,+351819234,-974377691,+00344405,11
XQ,+097823,+2464,+0558,2015/09/23,16:03:34,+351819236,-974377693,+00344483,11
XQ,+097830,+2468,+0558,2015/09/23,16:03:35,+351819240,-974377698,+00344515,10
XQ,+097832,+2470,+0552,2015/09/23,16:03:36,+351819243,-974377700,+00344636,10
XQ,+097826,+2477,+0557,2015/09/23,16:03:37,+351819246,-974377702,+00344745,10
XQ,+097824,+2481,+0560,2015/09/23,16:03:38,+351819252,-974377705,+00344817,10
XQ,+097820,+2477,+0558,2015/09/23,16:03:39,+351819258,-974377709,+00344862,11
XQ,+097824,+2473,+0556,2015/09/23,16:03:40,+351819262,-974377708,+00344582,12
XQ,+097826,+2473,+0560,2015/09/23,16:03:41,+351819268,-974377715,+00344569,10
XQ,+097825,+2476,+0561,2015/09/23,16:03:42,+351819272,-974377721,+00344596,11
XQ,+097827,+2473,+0560,2015/09/23,16:03:43,+351819276,-974377728,+00344571,11
XQ,+097829,+2473,+0557,2015/09/23,16:03:44,+351819280,-974377736,+00344503,10
XQ,+097836,+2470,+0553,2015/09/23,16:03:45,+351819280,-974377738,+00344103,12
XQ,+097831,+2472,+0556,2015/09/23,16:03:46,+351819279,-974377740,+00343803,12
XQ,+097825,+2475,+0561,2015/09/23,16:03:47,+351819280,-974377741,+00343465,11
XQ,+097827,+2480,+0557,2015/09/23,16:03:48,+351819282,-974377736,+00343012,12
XQ,+097829,+2484,+0558,2015/09/23,16:03:49,+351819284,-974377735,+00342589,12
XQ,+097830,+2489,+0560,2015/09/23,16:03:50,+351819289,-974377732,+00342241,11
XQ,+097823,+2490,+0558,2015/09/23,16:03:51,+351819293,-974377729,+00341833,11
XQ,+097826,+2478,+0560,2015/09/23,16:03:52,+351819296,-974377726,+00341531,11
XQ,+097830,+2477,+0556,2015/09/23,16:03:53,+351819299,-974377724,+00341218,11
XQ,+097824,+2483,+0556,2015/09/23,16:03:54,+351819301,-974377721,+00340951,11
XQ,+097824,+2483,+0556,2015/09/23,16:03:55,+351819302,-974377713,+00340771,11
XQ,+097824,+2486,+0560,2015/09/23,16:03:56,+351819303,-974377706,+00340511,12
XQ,+097829,+2478,+0560,2015/09/23,16:03:57,+351819303,-974377699,+00340223,11
XQ,+097824,+2481,+0555,2015/09/23,16:03:58,+351819303,-974377693,+00339894,11
XQ,+097825,+2477,+0553,2015/09/23,16:03:59,+351819302,-974377688,+00339543,11
XQ,+097823,+2473,+0557,2015/09/23,16:04:00,+351819300,-974377683,+00339101,11
XQ,+097826,+2473,+0548,2015/09/23,16:04:01,+351819301,-974377676,+00338691,12
XQ,+097824,+2470,+0548,2015/09/23,16:04:02,+351819298,-974377675,+00338364,11
XQ,+097827,+2470,+0551,2015/09/23,16:04:03,+351819293,-974377672,+00338071,11
XQ,+097832,+2471,+0551,2015/09/23,16:04:04,+351819290,-974377670,+00337786,11
XQ,+097826,+2470,+0548,2015/09/23,16:04:05,+351819287,-974377669,+00337456,11
XQ,+097827,+2472,+0548,2015/09/23,16:04:06,+351819285,-974377669,+00337229,11
XQ,+097822,+2475,+0549,2015/09/23,16:04:07,+351819284,-974377669,+00336937,11
XQ,+097825,+2474,+0550,2015/09/23,16:04:08,+351819284,-974377665,+00336669,11
XQ,+097826,+2472,+0549,2015/09/23,16:04:09,+351819282,-974377662,+00336294,11
XQ,+097822,+2472,+0558,2015/09/23,16:04:10,+351819280,-974377660,+00335976,11
XQ,+097822,+2473,+0560,2015/09/23,16:04:11,+351819278,-974377658,+00335695,11
XQ,+097824,+2472,+0558,2015/09/23,16:04:12,+351819276,-974377657,+00335386,11
XQ,+097828,+2472,+0560,2015/09/23,16:04:13,+351819276,-974377657,+00335232,11
XQ,+097821,+2475,+0553,2015/09/23,16:04:14,+351819275,-974377653,+00334981,11
XQ,+097826,+2477,+0560,2015/09/23,16:04:15,+351819270,-974377652,+00334625,11
XQ,+097826,+2471,+0558,2015/09/23,16:04:16,+351819267,-974377651,+00334434,11
XQ,+097827,+2470,+0556,2015/09/23,16:04:17,+351819267,-974377648,+00334358,11
XQ,+097827,+2472,+0553,2015/09/23,16:04:18,+351819263,-974377648,+00334262,11
XQ,+097827,+2472,+0560,2015/09/23,16:04:19,+351819262,-974377646,+00334244,11
XQ,+097818,+2479,+0556,2015/09/23,16:04:20,+351819260,-974377646,+00334262,11
XQ,+097823,+2472,+0560,2015/09/23,16:04:21,+351819257,-974377648,+00334200,11
XQ,+097826,+2478,+0557,2015/09/23,16:04:22,+351819249,-974377654,+00334041,11
XQ,+097834,+2475,+0551,2015/09/23,16:04:23,+351819244,-974377658,+00333975,11
XQ,+097821,+2477,+0557,2015/09/23,16:04:24,+351819237,-974377665,+00333855,11
XQ,+097822,+2474,+0554,2015/09/23,16:04:25,+351819232,-974377671,+00333757,11
XQ,+097823,+2484,+0554,2015/09/23,16:04:26,+351819230,-974377677,+00333630,12
XQ,+097833,+2491,+0554,2015/09/23,16:04:27,+351819224,-974377685,+00333467,12
XQ,+097825,+2492,+0560,2015/09/23,16:04:28,+351819220,-974377696,+00333284,12
XQ,+097823,+2505,+0557,2015/09/23,16:04:29,+351819216,-974377706,+00333146,12
XQ,+097827,+2490,+0561,2015/09/23,16:04:30,+351819214,-974377716,+00333062,12
XQ,+097826,+2486,+0555,2015/09/23,16:04:31,+351819214,-974377723,+00333040,12
XQ,+097827,+2481,+0540,2015/09/23,16:04:32,+351819213,-974377731,+00333000,12
XQ,+097824,+2482,+0541,2015/09/23,16:04:33,+351819211,-974377736,+00332925,12
XQ,+097827,+2481,+0541,2015/09/23,16:04:34,+351819212,-974377743,+00332889,12
XQ,+097827,+2483,+0542,2015/09/23,16:04:35,+351819211,-974377749,+00332738,12
XQ,+097825,+2485,+0540,2015/09/23,16:04:36,+351819212,-974377753,+00332629,12
XQ,+097832,+2486,+0540,2015/09/23,16:04:37,+351819213,-974377758,+00332591,12
XQ,+097827,+2489,+0550,2015/09/23,16:04:38,+351819215,-974377760,+00332609,12
XQ,+097824,+2489,+0558,2015/09/23,16:04:39,+351819216,-974377762,+00332703,12
XQ,+097827,+2489,+0559,2015/09/23,16:04:40,+351819218,-974377764,+00332809,12
XQ,+097825,+2492,+0560,2015/09/23,16:04:41,+351819220,-974377766,+00332976,12
XQ,+097823,+2492,+0556,2015/09/23,16:04:42,+351819222,-974377767,+00333173,12
XQ,+097823,+2484,+0538,2015/09/23,16:04:43,+351819223,-974377768,+00333420,12
XQ,+097824,+2482,+0541,2015/09/23,16:04:44,+351819224,-974377770,+00333743,12
XQ,+097834,+2486,+0541,2015/09/23,16:04:45,+351819227,-974377771,+00334118,12
XQ,+097825,+2483,+0540,2015/09/23,16:04:46,+351819230,-974377772,+00334516,12
XQ,+097822,+2481,+0542,2015/09/23,16:04:47,+351819232,-974377775,+00334872,12
XQ,+097828,+2479,+0541,2015/09/23,16:04:48,+351819232,-974377778,+00335263,12
XQ,+097826,+2484,+0541,2015/09/23,16:04:49,+351819233,-974377780,+00335659,12
XQ,+097820,+2480,+0539,2015/09/23,16:04:50,+351819232,-974377782,+00335965,12
XQ,+097828,+2478,+0537,2015/09/23,16:04:51,+351819230,-974377786,+00336203,12
XQ,+097823,+2479,+0537,2015/09/23,16:04:52,+351819228,-974377787,+00336422,12
XQ,+097826,+2480,+0540,2015/09/23,16:04:53,+351819227,-974377788,+00336584,12
XQ,+097825,+2484,+0539,2015/09/23,16:04:54,+351819228,-974377789,+00336719,12
XQ,+097830,+2487,+0540,2015/09/23,16:04:55,+351819229,-974377791,+00336728,12
XQ,+097826,+2493,+0541,2015/09/23,16:04:56,+351819231,-974377793,+00336780,11
XQ,+097822,+2495,+0543,2015/09/23,16:04:57,+351819233,-974377797,+00336784,11
XQ,+097823,+2490,+0541,2015/09/23,16:04:58,+351819233,-974377802,+00336754,11
XQ,+097826,+2493,+0543,2015/09/23,16:04:59,+351819234,-974377805,+00336740,11
XQ,+097824,+2494,+0545,2015/09/23,16:05:00,+351819234,-974377807,+00336729,11
XQ,+097826,+2501,+0551,2015/09/23,16:05:01,+351819234,-974377812,+00336738,11
XQ,+097826,+2503,+0550,2015/09/23,16:05:02,+351819234,-974377818,+00336823,11
XQ,+097824,+2502,+0557,2015/09/23,16:05:03,+351819233,-974377823,+00337021,11
XQ,+097831,+2502,+0557,2015/09/23,16:05:04,+351819232,-974377825,+00337148,11
XQ,+097828,+2504,+0555,2015/09/23,16:05:05,+351819232,-974377828,+00337169,11
XQ,+097822,+2509,+0560,2015/09/23,16:05:06,+351819230,-974377833,+00337320,11
XQ,+097817,+2512,+0561,2015/09/23,16:05:07,+351819229,-974377837,+00337437,11
XQ,+097826,+2502,+0551,2015/09/23,16:05:08,+351819228,-974377841,+00337540,11
XQ,+097826,+2497,+0557,2015/09/23,16:05:09,+351819226,-974377845,+00337623,11
XQ,+097823,+2493,+0548,2015/09/23,16:05:10,+351819225,-974377848,+00337634,12
XQ,+097824,+2493,+0544,2015/09/23,16:05:11,+351819222,-974377850,+00337751,12
XQ,+097820,+2496,+0543,2015/09/23,16:05:12,+351819219,-974377852,+00337999,11
XQ,+097820,+2500,+0542,2015/09/23,16:05:13,+351819220,-974377852,+00338060,11
XQ,+097826,+2502,+0540,2015/09/23,16:05:14,+351819221,-974377852,+00338221,11
XQ,+097823,+2501,+0540,2015/09/23,16:05:15,+351819223,-974377852,+00338320,12
XQ,+097822,+2502,+0540,2015/09/23,16:05:16,+351819223,-974377852,+00338360,12
XQ,+097818,+2499,+0538,2015/09/23,16:05:17,+351819221,-974377855,+00338492,11
XQ,+097819,+2499,+0542,2015/09/23,16:05:18,+351819219,-974377859,+00338609,11
XQ,+097818,+2494,+0540,2015/09/23,16:05:19,+351819219,-974377862,+00338728,11
XQ,+097823,+2491,+0541,2015/09/23,16:05:20,+351819216,-974377865,+00339050,11
XQ,+097822,+2492,+0539,2015/09/23,16:05:21,+351819216,-974377863,+00339272,12
XQ,+097818,+2493,+0544,2015/09/23,16:05:22,+351819214,-974377863,+00339476,11
XQ,+097824,+2496,+0548,2015/09/23,16:05:23,+351819214,-974377861,+00339664,12
XQ,+097821,+2498,+0552,2015/09/23,16:05:24,+351819212,-974377860,+00339788,12
XQ,+097828,+2499,+0554,2015/09/23,16:05:25,+351819206,-974377857,+00339986,12
XQ,+097826,+2500,+0557,2015/09/23,16:05:26,+351819201,-974377853,+00340186,11
XQ,+097822,+2508,+0560,2015/09/23,16:05:27,+351819195,-974377847,+00340188,11
XQ,+097819,+2511,+0553,2015/09/23,16:05:28,+351819188,-974377840,+00340147,11
XQ,+097823,+2499,+0550,2015/09/23,16:05:29,+351819180,-974377829,+00340014,11
XQ,+097821,+2495,+0551,2015/09/23,16:05:30,+351819173,-974377818,+00339650,11
XQ,+097819,+2513,+0561,2015/09/23,16:05:31,+351819165,-974377808,+00339540,10
XQ,+097823,+2516,+0553,2015/09/23,16:05:32,+351819158,-974377787,+00339274,10
XQ,+097823,+2513,+0558,2015/09/23,16:05:33,+351819153,-974377769,+00339102,10
XQ,+097821,+2521,+0558,2015/09/23,16:05:34,+351819149,-974377754,+00338989,10
XQ,+097818,+2523,+0559,2015/09/23,16:05:35,+351819146,-974377742,+00338940,10
XQ,+097817,+2522,+0557,2015/09/23,16:05:36,+351819141,-974377731,+00338923,10
XQ,+097822,+2525,+0560,2015/09/23,16:05:37,+351819136,-974377718,+00338654,11
XQ,+097820,+2520,+0550,2015/09/23,16:05:38,+351819128,-974377706,+00338477,11
XQ,+097824,+2524,+0551,2015/09/23,16:05:39,+351819119,-974377695,+00338377,11
XQ,+097824,+2526,+0550,2015/09/23,16:05:40,+351819115,-974377682,+00338293,11
XQ,+097818,+2516,+0551,2015/09/23,16:05:41,+351819110,-974377668,+00338262,11
XQ,+097823,+2517,+0544,2015/09/23,16:05:42,+351819105,-974377658,+00338182,11
XQ,+097824,+2516,+0542,2015/09/23,16:05:43,+351819106,-974377647,+00338226,11
XQ,+097823,+2509,+0541,2015/09/23,16:05:44,+351819105,-974377637,+00338226,11
XQ,+097823,+2510,+0538,2015/09/23,16:05:45,+351819102,-974377628,+00338204,11
XQ,+097826,+2522,+0545,2015/09/23,16:05:46,+351819101,-974377621,+00338038,11
XQ,+097816,+2533,+0543,2015/09/23,16:05:47,+351819105,-974377613,+00337899,10
XQ,+097824,+2529,+0540,2015/09/23,16:05:48,+351819106,-974377606,+00337755,10
XQ,+097831,+2519,+0538,2015/09/23,16:05:49,+351819106,-974377600,+00337505,10
XQ,+097827,+2515,+0538,2015/09/23,16:05:50,+351819105,-974377594,+00337225,10
XQ,+097828,+2510,+0539,2015/09/23,16:05:51,+351819098,-974377593,+00336893,10
XQ,+097820,+2504,+0539,2015/09/23,16:05:52,+351819094,-974377591,+00336704,10
XQ,+097826,+2505,+0539,2015/09/23,16:05:53,+351819086,-974377592,+00336653,10
XQ,+097827,+2507,+0541,2015/09/23,16:05:54,+351819084,-974377590,+00336569,09
XQ,+097829,+2506,+0533,2015/09/23,16:05:55,+351819081,-974377589,+00336548,09
XQ,+097818,+2506,+0537,2015/09/23,16:05:56,+351819078,-974377588,+00336500,09
XQ,+097820,+2501,+0528,2015/09/23,16:05:57,+351819076,-974377588,+00336503,09
XQ,+097826,+2503,+0531,2015/09/23,16:05:58,+351819073,-974377586,+00336483,09
XQ,+097824,+2502,+0528,2015/09/23,16:05:59,+351819071,-974377583,+00336277,09
XQ,+097818,+2506,+0533,2015/09/23,16:06:00,+351819068,-974377581,+00336051,10
XQ,+097822,+2506,+0538,2015/09/23,16:06:01,+351819069,-974377579,+00335885,10
XQ,+097818,+2507,+0538,2015/09/23,16:06:02,+351819070,-974377577,+00335715,10
XQ,+097824,+2511,+0534,2015/09/23,16:06:03,+351819071,-974377574,+00335615,10
XQ,+097824,+2506,+0536,2015/09/23,16:06:04,+351819073,-974377571,+00335614,10
XQ,+097818,+2503,+0537,2015/09/23,16:06:05,+351819074,-974377567,+00335642,10
XQ,+097820,+2511,+0539,2015/09/23,16:06:06,+351819077,-974377561,+00335828,10
XQ,+097818,+2517,+0540,2015/09/23,16:06:07,+351819082,-974377555,+00336016,10
XQ,+097817,+2509,+0531,2015/09/23,16:06:08,+351819088,-974377554,+00336049,10
XQ,+097824,+2500,+0535,2015/09/23,16:06:09,+351819093,-974377553,+00336000,09
XQ,+097821,+2500,+0533,2015/09/23,16:06:10,+351819096,-974377555,+00335980,09
XQ,+097819,+2494,+0522,2015/09/23,16:06:11,+351819100,-974377559,+00335945,09
XQ,+097821,+2493,+0521,2015/09/23,16:06:12,+351819102,-974377562,+00335888,09
XQ,+097827,+2492,+0523,2015/09/23,16:06:13,+351819104,-974377566,+00335736,09
XQ,+097822,+2486,+0522,2015/09/23,16:06:14,+351819109,-974377567,+00335452,09
XQ,+097823,+2485,+0523,2015/09/23,16:06:15,+351819111,-974377568,+00335336,10
XQ,+097819,+2488,+0519,2015/09/23,16:06:16,+351819115,-974377569,+00335178,10
XQ,+097821,+2495,+0527,2015/09/23,16:06:17,+351819116,-974377569,+00335007,10
XQ,+097818,+2497,+0542,2015/09/23,16:06:18,+351819116,-974377572,+00334894,10
XQ,+097820,+2496,+0533,2015/09/23,16:06:19,+351819116,-974377577,+00334810,10
XQ,+097823,+2500,+0533,2015/09/23,16:06:20,+351819116,-974377582,+00334751,11
XQ,+097819,+2504,+0540,2015/09/23,16:06:21,+351819113,-974377588,+00334695,11
XQ,+097826,+2513,+0536,2015/09/23,16:06:22,+351819114,-974377592,+00334772,12
XQ,+097821,+2517,+0539,2015/09/23,16:06:23,+351819115,-974377593,+00334942,12
XQ,+097825,+2518,+0533,2015/09/23,16:06:24,+351819117,-974377595,+00335101,12
XQ,+097814,+2508,+0528,2015/09/23,16:06:25,+351819119,-974377598,+00335188,12
XQ,+097823,+2505,+0539,2015/09/23,16:06:26,+351819120,-974377602,+00335397,12
XQ,+097815,+2509,+0530,2015/09/23,16:06:27,+351819123,-974377604,+00335551,12
XQ,+097817,+2515,+0537,2015/09/23,16:06:28,+351819126,-974377608,+00335608,12
XQ,+097821,+2503,+0537,2015/09/23,16:06:29,+351819130,-974377614,+00335579,12
XQ,+097823,+2497,+0529,2015/09/23,16:06:30,+351819133,-974377624,+00335462,12
XQ,+097815,+2499,+0532,2015/09/23,16:06:31,+351819137,-974377631,+00335366,12
XQ,+097821,+2502,+0538,2015/09/23,16:06:32,+351819140,-974377639,+00335287,12
XQ,+097816,+2506,+0527,2015/09/23,16:06:33,+351819142,-974377645,+00335204,12
XQ,+097821,+2501,+0523,2015/09/23,16:06:34,+351819143,-974377645,+00335290,12
XQ,+097819,+2503,+0518,2015/09/23,16:06:35,+351819138,-974377644,+00335365,11
XQ,+097820,+2497,+0516,2015/09/23,16:06:36,+351819136,-974377643,+00335301,11
XQ,+097810,+2496,+0520,2015/09/23,16:06:37,+351819130,-974377640,+00335421,11
XQ,+097815,+2500,+0519,2015/09/23,16:06:38,+351819125,-974377638,+00335543,11
XQ,+097810,+2504,+0521,2015/09/23,16:06:39,+351819121,-974377633,+00335745,11
XQ,+097818,+2501,+0523,2015/09/23,16:06:40,+351819117,-974377626,+00335994,11
XQ,+097816,+2498,+0522,2015/09/23,16:06:41,+351819116,-974377621,+00336064,12
XQ,+097817,+2496,+0517,2015/09/23,16:06:42,+351819117,-974377615,+00336136,12
XQ,+097821,+2494,+0518,2015/09/23,16:06:43,+351819116,-974377610,+00336291,12
XQ,+097813,+2492,+0516,2015/09/23,16:06:44,+351819117,-974377605,+00336598,12
XQ,+097809,+2492,+0518,2015/09/23,16:06:45,+351819121,-974377600,+00336925,12
XQ,+097816,+2497,+0523,2015/09/23,16:06:46,+351819123,-974377591,+00337374,12
XQ,+097815,+2500,+0521,2015/09/23,16:06:47,+351819124,-974377583,+00337791,12
XQ,+097824,+2500,+0523,2015/09/23,16:06:48,+351819127,-974377576,+00338069,12
XQ,+097816,+2492,+0518,2015/09/23,16:06:49,+351819129,-974377567,+00338457,12
XQ,+097814,+2489,+0516,2015/09/23,16:06:50,+351819128,-974377557,+00338914,12
XQ,+097814,+2489,+0522,2015/09/23,16:06:51,+351819131,-974377551,+00339172,11
XQ,+097816,+2490,+0521,2015/09/23,16:06:52,+351819133,-974377547,+00339393,12
XQ,+097815,+2490,+0515,2015/09/23,16:06:53,+351819132,-974377544,+00339726,12
XQ,+097816,+2491,+0518,2015/09/23,16:06:54,+351819133,-974377541,+00339955,12
XQ,+097820,+2489,+0520,2015/09/23,16:06:55,+351819135,-974377537,+00340161,12
XQ,+097816,+2488,+0513,2015/09/23,16:06:56,+351819134,-974377534,+00340443,11
XQ,+097814,+2488,+0514,2015/09/23,16:06:57,+351819132,-974377531,+00340680,11
XQ,+097815,+2488,+0515,2015/09/23,16:06:58,+351819130,-974377532,+00340826,11
XQ,+097816,+2489,+0516,2015/09/23,16:06:59,+351819124,-974377537,+00341096,10
XQ,+097826,+2490,+0516,2015/09/23,16:07:00,+351819120,-974377542,+00341354,10
XQ,+097816,+2494,+0516,2015/09/23,16:07:01,+351819115,-974377546,+00341590,10
XQ,+097821,+2496,+0518,2015/09/23,16:07:02,+351819111,-974377550,+00341818,10
XQ,+097819,+2501,+0519,2015/09/23,16:07:03,+351819111,-974377553,+00342035,10
XQ,+097815,+2504,+0519,2015/09/23,16:07:04,+351819116,-974377553,+00342159,11
XQ,+097818,+2499,+0518,2015/09/23,16:07:05,+351819124,-974377556,+00342311,11
XQ,+097822,+2494,+0518,2015/09/23,16:07:06,+351819131,-974377558,+00342386,11
XQ,+097817,+2496,+0519,2015/09/23,16:07:07,+351819138,-974377563,+00342446,12
XQ,+097819,+2493,+0520,2015/09/23,16:07:08,+351819146,-974377568,+00342592,12
XQ,+097822,+2494,+0519,2015/09/23,16:07:09,+351819153,-974377572,+00342729,12
XQ,+097814,+2496,+0518,2015/09/23,16:07:10,+351819158,-974377575,+00342868,12
XQ,+097824,+2505,+0520,2015/09/23,16:07:12,+351819172,-974377586,+00343013,12
XQ,+097818,+2509,+0520,2015/09/23,16:07:13,+351819178,-974377590,+00343013,12
XQ,+097817,+2512,+0522,2015/09/23,16:07:13,+351819178,-974377590,+00343013,12
XQ,+097821,+2507,+0523,2015/09/23,16:07:15,+351819186,-974377598,+00343036,11
XQ,+097814,+2499,+0522,2015/09/23,16:07:16,+351819190,-974377599,+00343222,11
XQ,+097815,+2496,+0522,2015/09/23,16:07:17,+351819193,-974377599,+00343338,11
XQ,+097821,+2497,+0518,2015/09/23,16:07:18,+351819199,-974377599,+00343492,11
XQ,+097813,+2499,+0522,2015/09/23,16:07:19,+351819206,-974377598,+00343760,11
XQ,+097818,+2503,+0526,2015/09/23,16:07:20,+351819212,-974377598,+00344002,11
XQ,+097822,+2503,+0528,2015/09/23,16:07:21,+351819219,-974377598,+00344230,11
XQ,+097817,+2505,+0528,2015/09/23,16:07:22,+351819223,-974377600,+00344504,11
XQ,+097819,+2502,+0528,2015/09/23,16:07:23,+351819226,-974377602,+00344849,11
XQ,+097820,+2498,+0530,2015/09/23,16:07:24,+351819226,-974377606,+00345211,11
XQ,+097809,+2496,+0526,2015/09/23,16:07:25,+351819223,-974377609,+00345530,11
XQ,+097811,+2497,+0527,2015/09/23,16:07:26,+351819224,-974377610,+00345763,11
XQ,+097811,+2496,+0531,2015/09/23,16:07:27,+351819230,-974377614,+00345834,12
XQ,+097821,+2493,+0536,2015/09/23,16:07:28,+351819234,-974377616,+00345876,12
XQ,+097813,+2489,+0538,2015/09/23,16:07:29,+351819236,-974377618,+00345930,12
XQ,+097814,+2487,+0538,2015/09/23,16:07:30,+351819239,-974377621,+00345941,12
XQ,+097815,+2490,+0542,2015/09/23,16:07:31,+351819245,-974377623,+00345966,12
XQ,+097817,+2487,+0539,2015/09/23,16:07:32,+351819245,-974377623,+00346139,12
XQ,+097821,+2486,+0541,2015/09/23,16:07:33,+351819241,-974377626,+00346287,12
XQ,+097822,+2488,+0528,2015/09/23,16:07:34,+351819241,-974377629,+00346432,12
XQ,+097820,+2488,+0531,2015/09/23,16:07:35,+351819238,-974377630,+00346609,12
XQ,+097824,+2485,+0528,2015/09/23,16:07:36,+351819230,-974377632,+00346802,12
XQ,+097826,+2482,+0529,2015/09/23,16:07:37,+351819225,-974377636,+00346892,12
XQ,+097817,+2481,+0531,2015/09/23,16:07:38,+351819222,-974377638,+00347074,12
XQ,+097821,+2484,+0537,2015/09/23,16:07:39,+351819218,-974377642,+00347189,12
XQ,+097818,+2487,+0528,2015/09/23,16:07:40,+351819216,-974377647,+00347214,12
XQ,+097811,+2484,+0542,2015/09/23,16:07:41,+351819211,-974377651,+00347290,12
XQ,+097822,+2486,+0530,2015/09/23,16:07:42,+351819208,-974377655,+00347327,12
XQ,+097821,+2486,+0538,2015/09/23,16:07:43,+351819207,-974377660,+00347335,12
XQ,+097821,+2488,+0531,2015/09/23,16:07:44,+351819202,-974377662,+00347471,12
XQ,+097817,+2480,+0537,2015/09/23,16:07:45,+351819202,-974377663,+00347445,12
XQ,+097818,+2481,+0533,2015/09/23,16:07:46,+351819208,-974377667,+00347456,12
XQ,+097816,+2480,+0539,2015/09/23,16:07:47,+351819213,-974377672,+00347408,12
XQ,+097816,+2481,+0528,2015/09/23,16:07:48,+351819218,-974377672,+00347343,12
XQ,+097816,+2483,+0531,2015/09/23,16:07:49,+351819221,-974377673,+00347429,12
XQ,+097818,+2484,+0536,2015/09/23,16:07:50,+351819222,-974377674,+00347611,12
XQ,+097814,+2485,+0534,2015/09/23,16:07:51,+351819223,-974377676,+00347674,12
XQ,+097814,+2487,+0539,2015/09/23,16:07:52,+351819225,-974377676,+00347729,12
XQ,+097819,+2485,+0541,2015/09/23,16:07:53,+351819227,-974377676,+00347792,12
XQ,+097823,+2485,+0542,2015/09/23,16:07:54,+351819227,-974377675,+00347858,12
XQ,+097816,+2488,+0541,2015/09/23,16:07:55,+351819229,-974377674,+00347915,12
XQ,+097812,+2483,+0542,2015/09/23,16:07:56,+351819231,-974377676,+00347890,12
XQ,+097817,+2483,+0538,2015/09/23,16:07:57,+351819231,-974377673,+00348033,12
XQ,+097817,+2481,+0541,2015/09/23,16:07:58,+351819234,-974377670,+00348112,12
XQ,+097819,+2483,+0540,2015/09/23,16:07:59,+351819235,-974377668,+00348118,12
XQ,+097819,+2484,+0541,2015/09/23,16:08:00,+351819237,-974377666,+00348142,12
XQ,+097821,+2479,+0539,2015/09/23,16:08:01,+351819240,-974377666,+00348104,12
XQ,+097822,+2481,+0539,2015/09/23,16:08:02,+351819243,-974377665,+00348064,12
XQ,+097820,+2481,+0539,2015/09/23,16:08:03,+351819246,-974377665,+00348029,12
XQ,+097817,+2479,+0542,2015/09/23,16:08:04,+351819248,-974377660,+00348114,12
XQ,+097816,+2481,+0541,2015/09/23,16:08:05,+351819248,-974377657,+00348227,12
XQ,+097816,+2483,+0547,2015/09/23,16:08:06,+351819247,-974377656,+00348255,12
XQ,+097818,+2484,+0539,2015/09/23,16:08:07,+351819247,-974377654,+00348266,12
XQ,+097817,+2486,+0538,2015/09/23,16:08:08,+351819245,-974377653,+00348330,12
XQ,+097814,+2490,+0540,2015/09/23,16:08:09,+351819243,-974377653,+00348304,12
XQ,+097814,+2489,+0538,2015/09/23,16:08:10,+351819239,-974377654,+00348317,12
XQ,+097813,+2488,+0539,2015/09/23,16:08:11,+351819235,-974377655,+00348231,12
XQ,+097816,+2488,+0541,2015/09/23,16:08:12,+351819231,-974377656,+00348224,12
XQ,+097813,+2486,+0533,2015/09/23,16:08:13,+351819229,-974377658,+00348231,12
XQ,+097816,+2486,+0541,2015/09/23,16:08:14,+351819226,-974377661,+00348207,12
XQ,+097816,+2489,+0542,2015/09/23,16:08:15,+351819222,-974377662,+00348232,12
XQ,+097822,+2491,+0542,2015/09/23,16:08:16,+351819219,-974377664,+00348246,12
XQ,+097817,+2492,+0535,2015/09/23,16:08:17,+351819216,-974377665,+00348244,12
XQ,+097820,+2494,+0535,2015/09/23,16:08:18,+351819213,-974377665,+00348156,12
XQ,+097815,+2494,+0534,2015/09/23,16:08:19,+351819211,-974377664,+00348105,12
XQ,+097813,+2501,+0536,2015/09/23,16:08:20,+351819210,-974377664,+00347977,12
XQ,+097814,+2497,+0536,2015/09/23,16:08:21,+351819210,-974377666,+00347813,12
XQ,+097818,+2499,+0539,2015/09/23,16:08:22,+351819212,-974377666,+00347635,12
XQ,+097818,+2502,+0540,2015/09/23,16:08:23,+351819213,-974377669,+00347533,12
XQ,+097811,+2501,+0533,2015/09/23,16:08:24,+351819214,-974377670,+00347520,11
XQ,+097814,+2500,+0534,2015/09/23,16:08:25,+351819215,-974377673,+00347396,11
XQ,+097820,+2500,+0536,2015/09/23,16:08:26,+351819218,-974377674,+00347284,11
XQ,+097815,+2497,+0538,2015/09/23,16:08:27,+351819220,-974377677,+00347247,11
XQ,+097810,+2494,+0542,2015/09/23,16:08:28,+351819220,-974377677,+00347256,11
XQ,+097817,+2493,+0540,2015/09/23,16:08:29,+351819219,-974377675,+00347222,11
XQ,+097818,+2493,+0535,2015/09/23,16:08:30,+351819222,-974377677,+00346977,12
XQ,+097821,+2490,+0538,2015/09/23,16:08:31,+351819224,-974377679,+00346869,12
XQ,+097817,+2490,+0541,2015/09/23,16:08:32,+351819227,-974377683,+00346646,12
XQ,+097815,+2494,+0536,2015/09/23,16:08:33,+351819234,-974377688,+00346478,12
XQ,+097815,+2497,+0536,2015/09/23,16:08:34,+351819242,-974377692,+00346373,12
XQ,+097813,+2499,+0539,2015/09/23,16:08:35,+351819249,-974377695,+00346206,12
XQ,+097821,+2500,+0536,2015/09/23,16:08:36,+351819253,-974377699,+00346049,12
XQ,+097816,+2500,+0534,2015/09/23,16:08:37,+351819255,-974377703,+00345878,12
XQ,+097817,+2493,+0540,2015/09/23,16:08:38,+351819258,-974377706,+00345722,12
XQ,+097820,+2493,+0539,2015/09/23,16:08:39,+351819263,-974377709,+00345566,12
XQ,+097822,+2494,+0534,2015/09/23,16:08:40,+351819269,-974377713,+00345423,12
XQ,+097811,+2496,+0536,2015/09/23,16:08:41,+351819272,-974377718,+00345331,12
XQ,+097813,+2499,+0538,2015/09/23,16:08:42,+351819272,-974377722,+00345347,12
XQ,+097818,+2502,+0539,2015/09/23,16:08:43,+351819276,-974377727,+00345363,12
XQ,+097816,+2504,+0540,2015/09/23,16:08:44,+351819277,-974377732,+00345457,12
XQ,+097820,+2505,+0542,2015/09/23,16:08:45,+351819279,-974377737,+00345443,12
XQ,+097812,+2505,+0538,2015/09/23,16:08:46,+351819280,-974377740,+00345506,12
XQ,+097817,+2500,+0542,2015/09/23,16:08:47,+351819279,-974377747,+00345525,12
XQ,+097819,+2496,+0540,2015/09/23,16:08:48,+351819279,-974377753,+00345529,12
XQ,+097819,+2499,+0538,2015/09/23,16:08:49,+351819280,-974377760,+00345478,12
XQ,+097816,+2500,+0541,2015/09/23,16:08:50,+351819281,-974377763,+00345479,12
XQ,+097816,+2500,+0541,2015/09/23,16:08:51,+351819283,-974377766,+00345428,12
XQ,+097815,+2503,+0541,2015/09/23,16:08:52,+351819285,-974377770,+00345319,12
XQ,+097814,+2512,+0540,2015/09/23,16:08:53,+351819286,-974377775,+00345206,12
XQ,+097818,+2518,+0542,2015/09/23,16:08:54,+351819286,-974377778,+00345182,12
XQ,+097809,+2507,+0539,2015/09/23,16:08:55,+351819287,-974377781,+00345113,12
XQ,+097810,+2504,+0539,2015/09/23,16:08:56,+351819288,-974377784,+00345037,12
XQ,+097816,+2496,+0533,2015/09/23,16:08:57,+351819290,-974377786,+00345008,12
XQ,+097817,+2495,+0526,2015/09/23,16:08:58,+351819293,-974377789,+00344878,12
XQ,+097812,+2493,+0520,2015/09/23,16:08:59,+351819297,-974377792,+00344697,12
XQ,+097818,+2493,+0519,2015/09/23,16:09:00,+351819302,-974377793,+00344586,12
XQ,+097821,+2493,+0520,2015/09/23,16:09:01,+351819309,-974377794,+00344509,12
XQ,+097815,+2492,+0520,2015/09/23,16:09:02,+351819313,-974377796,+00344409,12
XQ,+097811,+2490,+0521,2015/09/23,16:09:03,+351819320,-974377797,+00344365,12
XQ,+097818,+2492,+0526,2015/09/23,16:09:04,+351819326,-974377797,+00344215,12
XQ,+097821,+2493,+0532,2015/09/23,16:09:05,+351819330,-974377800,+00344053,12
XQ,+097813,+2492,+0532,2015/09/23,16:09:06,+351819329,-974377801,+00343966,11
XQ,+097814,+2488,+0533,2015/09/23,16:09:07,+351819327,-974377802,+00343830,12
XQ,+097814,+2489,+0536,2015/09/23,16:09:08,+351819325,-974377803,+00343629,12
XQ,+097815,+2489,+0536,2015/09/23,16:09:09,+351819320,-974377801,+00343552,11
XQ,+097806,+2491,+0539,2015/09/23,16:09:10,+351819316,-974377801,+00343419,12
XQ,+097813,+2493,+0528,2015/09/23,16:09:11,+351819312,-974377802,+00343275,12
XQ,+097821,+2496,+0530,2015/09/23,16:09:12,+351819307,-974377803,+00343144,12
XQ,+097810,+2499,+0532,2015/09/23,16:09:13,+351819300,-974377803,+00343079,12
XQ,+097816,+2503,+0532,2015/09/23,16:09:14,+351819294,-974377802,+00342977,12
XQ,+097806,+2503,+0530,2015/09/23,16:09:15,+351819290,-974377802,+00342875,12
XQ,+097816,+2504,+0531,2015/09/23,16:09:16,+351819284,-974377803,+00342767,12
XQ,+097817,+2495,+0542,2015/09/23,16:09:17,+351819279,-974377805,+00342656,12
XQ,+097816,+2492,+0539,2015/09/23,16:09:18,+351819272,-974377808,+00342671,12
XQ,+097817,+2495,+0539,2015/09/23,16:09:19,+351819265,-974377812,+00342638,12
XQ,+097819,+2495,+0539,2015/09/23,16:09:20,+351819256,-974377818,+00342646,12
XQ,+097810,+2493,+0538,2015/09/23,16:09:21,+351819246,-974377825,+00342605,12
XQ,+097819,+2495,+0540,2015/09/23,16:09:22,+351819234,-974377827,+00342661,12
XQ,+097816,+2494,+0542,2015/09/23,16:09:23,+351819225,-974377831,+00342731,12
XQ,+097807,+2490,+0528,2015/09/23,16:09:24,+351819219,-974377833,+00342777,12
XQ,+097820,+2489,+0524,2015/09/23,16:09:25,+351819216,-974377835,+00342782,12
XQ,+097816,+2490,+0529,2015/09/23,16:09:26,+351819210,-974377835,+00342833,12
XQ,+097810,+2491,+0526,2015/09/23,16:09:27,+351819205,-974377831,+00342827,12
XQ,+097814,+2491,+0524,2015/09/23,16:09:28,+351819202,-974377824,+00342680,12
XQ,+097818,+2491,+0525,2015/09/23,16:09:29,+351819199,-974377816,+00342568,12
XQ,+097814,+2489,+0522,2015/09/23,16:09:30,+351819196,-974377810,+00342393,12
XQ,+097818,+2488,+0525,2015/09/23,16:09:31,+351819194,-974377802,+00342210,12
XQ,+097816,+2494,+0529,2015/09/23,16:09:32,+351819192,-974377796,+00342100,12
XQ,+097813,+2489,+0528,2015/09/23,16:09:33,+351819190,-974377791,+00342004,12
XQ,+097817,+2488,+0535,2015/09/23,16:09:34,+351819189,-974377787,+00341966,12
XQ,+097817,+2488,+0529,2015/09/23,16:09:35,+351819185,-974377784,+00341944,12
XQ,+097814,+2485,+0521,2015/09/23,16:09:36,+351819187,-974377781,+00341950,12
XQ,+097812,+2483,+0518,2015/09/23,16:09:37,+351819189,-974377778,+00341953,12
XQ,+097817,+2490,+0519,2015/09/23,16:09:38,+351819190,-974377773,+00342072,12
XQ,+097820,+2489,+0518,2015/09/23,16:09:39,+351819191,-974377771,+00342102,12
XQ,+097820,+2490,+0522,2015/09/23,16:09:40,+351819192,-974377770,+00342150,12
XQ,+097824,+2486,+0527,2015/09/23,16:09:41,+351819195,-974377768,+00342228,12
XQ,+097816,+2488,+0533,2015/09/23,16:09:42,+351819196,-974377766,+00342289,12
XQ,+097815,+2488,+0539,2015/09/23,16:09:43,+351819195,-974377765,+00342262,12
XQ,+097817,+2488,+0528,2015/09/23,16:09:44,+351819195,-974377766,+00342276,12
XQ,+097815,+2490,+0531,2015/09/23,16:09:45,+351819197,-974377766,+00342163,12
XQ,+097819,+2490,+0529,2015/09/23,16:09:46,+351819196,-974377763,+00342046,12
XQ,+097817,+2491,+0539,2015/09/23,16:09:47,+351819196,-974377758,+00341946,12
XQ,+097813,+2497,+0542,2015/09/23,16:09:48,+351819195,-974377750,+00341912,12
XQ,+097813,+2504,+0540,2015/09/23,16:09:49,+351819195,-974377741,+00341880,12
XQ,+097818,+2499,+0538,2015/09/23,16:09:50,+351819193,-974377732,+00341920,12
XQ,+097818,+2497,+0530,2015/09/23,16:09:51,+351819190,-974377725,+00341955,12
XQ,+097813,+2494,+0542,2015/09/23,16:09:52,+351819186,-974377718,+00342026,12
XQ,+097812,+2493,+0540,2015/09/23,16:09:53,+351819182,-974377712,+00342096,12
XQ,+097818,+2496,+0532,2015/09/23,16:09:54,+351819178,-974377708,+00342129,12
XQ,+097819,+2497,+0541,2015/09/23,16:09:55,+351819178,-974377705,+00342247,12
XQ,+097813,+2504,+0534,2015/09/23,16:09:56,+351819175,-974377703,+00342346,12
XQ,+097811,+2504,+0536,2015/09/23,16:09:57,+351819171,-974377702,+00342561,12
XQ,+097819,+2496,+0539,2015/09/23,16:09:58,+351819166,-974377700,+00342729,12
XQ,+097807,+2495,+0540,2015/09/23,16:09:59,+351819158,-974377699,+00342840,12
XQ,+097812,+2496,+0541,2015/09/23,16:10:00,+351819151,-974377698,+00342996,12
XQ,+097815,+2499,+0538,2015/09/23,16:10:01,+351819146,-974377698,+00343159,12
XQ,+097818,+2498,+0541,2015/09/23,16:10:02,+351819140,-974377699,+00343255,12
XQ,+097813,+2503,+0557,2015/09/23,16:10:03,+351819133,-974377700,+00343300,12
XQ,+097816,+2503,+0561,2015/09/23,16:10:04,+351819128,-974377700,+00343421,12
XQ,+097819,+2501,+0553,2015/09/23,16:10:05,+351819124,-974377699,+00343501,12
XQ,+097815,+2495,+0540,2015/09/23,16:10:06,+351819117,-974377698,+00343538,12
XQ,+097815,+2494,+0538,2015/09/23,16:10:07,+351819113,-974377698,+00343573,12
XQ,+097811,+2488,+0540,2015/09/23,16:10:08,+351819109,-974377695,+00343698,12
XQ,+097817,+2486,+0534,2015/09/23,16:10:09,+351819106,-974377692,+00343752,12
XQ,+097814,+2484,+0539,2015/09/23,16:10:10,+351819103,-974377691,+00343726,12
XQ,+097815,+2484,+0540,2015/09/23,16:10:11,+351819101,-974377687,+00343806,12
XQ,+097822,+2485,+0540,2015/09/23,16:10:12,+351819100,-974377685,+00343822,12
XQ,+097810,+2485,+0542,2015/09/23,16:10:13,+351819098,-974377683,+00343867,12
XQ,+097817,+2487,+0550,2015/09/23,16:10:14,+351819098,-974377681,+00343912,12
XQ,+097816,+2488,+0553,2015/09/23,16:10:15,+351819100,-974377680,+00343907,12
XQ,+097816,+2489,+0558,2015/09/23,16:10:16,+351819103,-974377680,+00343880,12
XQ,+097818,+2494,+0558,2015/09/23,16:10:17,+351819106,-974377682,+00343880,12
XQ,+097820,+2490,+0550,2015/09/23,16:10:18,+351819108,-974377683,+00343879,12
XQ,+097824,+2491,+0541,2015/09/23,16:10:19,+351819111,-974377685,+00343803,12
XQ,+097823,+2491,+0542,2015/09/23,16:10:20,+351819114,-974377690,+00343739,12
XQ,+097818,+2497,+0542,2015/09/23,16:10:21,+351819116,-974377693,+00343665,12
XQ,+097819,+2502,+0553,2015/09/23,16:10:22,+351819117,-974377699,+00343604,12
XQ,+097815,+2500,+0554,2015/09/23,16:10:23,+351819116,-974377704,+00343541,12
XQ,+097818,+2494,+0542,2015/09/23,16:10:24,+351819120,-974377709,+00343498,12
XQ,+097822,+2494,+0539,2015/09/23,16:10:25,+351819122,-974377713,+00343422,12
XQ,+097810,+2493,+0540,2015/09/23,16:10:26,+351819122,-974377715,+00343398,12
XQ,+097815,+2493,+0538,2015/09/23,16:10:27,+351819121,-974377719,+00343471,12
XQ,+097818,+2494,+0542,2015/09/23,16:10:28,+351819117,-974377720,+00343568,12
XQ,+097814,+2495,+0539,2015/09/23,16:10:29,+351819117,-974377723,+00343688,12
XQ,+097810,+2502,+0540,2015/09/23,16:10:30,+351819116,-974377727,+00343779,12
XQ,+097817,+2497,+0539,2015/09/23,16:10:31,+351819114,-974377731,+00343868,12
XQ,+097815,+2493,+0542,2015/09/23,16:10:32,+351819111,-974377734,+00343974,12
XQ,+097823,+2495,+0542,2015/09/23,16:10:33,+351819110,-974377738,+00344015,12
XQ,+097823,+2501,+0545,2015/09/23,16:10:34,+351819110,-974377742,+00344034,12
XQ,+097819,+2501,+0549,2015/09/23,16:10:35,+351819111,-974377746,+00344072,12
XQ,+097811,+2496,+0541,2015/09/23,16:10:36,+351819114,-974377748,+00344068,12
XQ,+097822,+2489,+0533,2015/09/23,16:10:37,+351819113,-974377748,+00344164,12
XQ,+097813,+2488,+0534,2015/09/23,16:10:38,+351819111,-974377747,+00344202,12
XQ,+097805,+2484,+0538,2015/09/23,16:10:39,+351819110,-974377745,+00344224,12
XQ,+097816,+2480,+0531,2015/09/23,16:10:40,+351819109,-974377745,+00344248,12
XQ,+097821,+2483,+0539,2015/09/23,16:10:41,+351819106,-974377747,+00344307,12
XQ,+097816,+2488,+0539,2015/09/23,16:10:42,+351819107,-974377748,+00344338,12
XQ,+097821,+2487,+0537,2015/09/23,16:10:43,+351819107,-974377751,+00344309,12
XQ,+097820,+2487,+0531,2015/09/23,16:10:44,+351819106,-974377753,+00344238,12
XQ,+097814,+2487,+0527,2015/09/23,16:10:45,+351819108,-974377755,+00344229,12
XQ,+097816,+2490,+0532,2015/09/23,16:10:46,+351819109,-974377755,+00344279,12
XQ,+097811,+2491,+0533,2015/09/23,16:10:47,+351819108,-974377752,+00344325,12
XQ,+097815,+2493,+0534,2015/09/23,16:10:48,+351819110,-974377747,+00344370,11
XQ,+097814,+2493,+0536,2015/09/23,16:10:49,+351819114,-974377745,+00344304,11
XQ,+097813,+2493,+0537,2015/09/23,16:10:50,+351819116,-974377741,+00344292,11
XQ,+097814,+2499,+0540,2015/09/23,16:10:51,+351819122,-974377739,+00344263,11
XQ,+097812,+2496,+0539,2015/09/23,16:10:52,+351819129,-974377736,+00344310,12
XQ,+097808,+2489,+0538,2015/09/23,16:10:53,+351819132,-974377735,+00344386,12
XQ,+097819,+2488,+0537,2015/09/23,16:10:54,+351819136,-974377736,+00344348,12
XQ,+097819,+2488,+0537,2015/09/23,16:10:55,+351819142,-974377734,+00344324,12
XQ,+097818,+2494,+0541,2015/09/23,16:10:56,+351819145,-974377733,+00344293,12
XQ,+097819,+2490,+0532,2015/09/23,16:10:57,+351819150,-974377731,+00344229,12
XQ,+097817,+2490,+0539,2015/09/23,16:10:58,+351819155,-974377730,+00344120,12
XQ,+097812,+2489,+0535,2015/09/23,16:10:59,+351819163,-974377731,+00344002,12
XQ,+097817,+2488,+0540,2015/09/23,16:11:00,+351819170,-974377733,+00343923,12
XQ,+097815,+2491,+0538,2015/09/23,16:11:01,+351819176,-974377734,+00343812,12
XQ,+097818,+2492,+0538,2015/09/23,16:11:02,+351819182,-974377735,+00343746,12
XQ,+097815,+2489,+0540,2015/09/23,16:11:03,+351819188,-974377735,+00343614,12
XQ,+097814,+2488,+0535,2015/09/23,16:11:04,+351819190,-974377734,+00343523,12
XQ,+097811,+2486,+0534,2015/09/23,16:11:05,+351819191,-974377732,+00343410,12
XQ,+097822,+2484,+0535,2015/09/23,16:11:06,+351819190,-974377732,+00343301,12
XQ,+097812,+2483,+0539,2015/09/23,16:11:07,+351819188,-974377732,+00343208,12
XQ,+097816,+2485,+0542,2015/09/23,16:11:08,+351819185,-974377731,+00343059,12
XQ,+097814,+2484,+0538,2015/09/23,16:11:09,+351819184,-974377732,+00342857,12
XQ,+097820,+2486,+0538,2015/09/23,16:11:10,+351819184,-974377735,+00342633,12
XQ,+097821,+2485,+0541,2015/09/23,16:11:11,+351819182,-974377734,+00342491,12
XQ,+097819,+2485,+0538,2015/09/23,16:11:12,+351819178,-974377730,+00342465,12
XQ,+097812,+2483,+0540,2015/09/23,16:11:13,+351819176,-974377730,+00342413,12
XQ,+097809,+2484,+0542,2015/09/23,16:11:14,+351819174,-974377733,+00342369,12
XQ,+097816,+2487,+0540,2015/09/23,16:11:15,+351819169,-974377736,+00342321,12
XQ,+097822,+2490,+0543,2015/09/23,16:11:16,+351819165,-974377738,+00342319,12
XQ,+097811,+2488,+0541,2015/09/23,16:11:17,+351819164,-974377740,+00342237,12
XQ,+097815,+2487,+0539,2015/09/23,16:11:18,+351819160,-974377741,+00342049,12
XQ,+097810,+2487,+0542,2015/09/23,16:11:19,+351819157,-974377739,+00341810,12
XQ,+097813,+2489,+0538,2015/09/23,16:11:20,+351819156,-974377735,+00341680,12
XQ,+097811,+2486,+0540,2015/09/23,16:11:21,+351819154,-974377733,+00341562,12
XQ,+097817,+2489,+0539,2015/09/23,16:11:22,+351819152,-974377731,+00341451,12
XQ,+097818,+2488,+0536,2015/09/23,16:11:23,+351819150,-974377729,+00341392,12
XQ,+097812,+2485,+0534,2015/09/23,16:11:24,+351819150,-974377727,+00341405,12
XQ,+097816,+2490,+0542,2015/09/23,16:11:25,+351819149,-974377725,+00341357,12
XQ,+097817,+2494,+0540,2015/09/23,16:11:26,+351819150,-974377722,+00341305,12
XQ,+097811,+2486,+0539,2015/09/23,16:11:27,+351819152,-974377718,+00341293,12
XQ,+097807,+2478,+0539,2015/09/23,16:11:28,+351819153,-974377715,+00341366,12
XQ,+097803,+2476,+0544,2015/09/23,16:11:29,+351819154,-974377713,+00341426,12
XQ,+097814,+2480,+0552,2015/09/23,16:11:30,+351819154,-974377713,+00341529,12
XQ,+097810,+2475,+0548,2015/09/23,16:11:31,+351819155,-974377715,+00341581,12
XQ,+097807,+2473,+0549,2015/09/23,16:11:32,+351819155,-974377717,+00341591,12
XQ,+097807,+2479,+0550,2015/09/23,16:11:33,+351819155,-974377719,+00341542,12
XQ,+097811,+2481,+0558,2015/09/23,16:11:34,+351819156,-974377720,+00341523,12
XQ,+097805,+2483,+0560,2015/09/23,16:11:35,+351819155,-974377720,+00341535,12
XQ,+097806,+2478,+0549,2015/09/23,16:11:36,+351819152,-974377716,+00341541,11
XQ,+097804,+2472,+0554,2015/09/23,16:11:37,+351819148,-974377714,+00341565,11
XQ,+097809,+2464,+0540,2015/09/23,16:11:38,+351819146,-974377712,+00341545,11
XQ,+097803,+2461,+0541,2015/09/23,16:11:39,+351819145,-974377709,+00341507,11
XQ,+097803,+2462,+0540,2015/09/23,16:11:40,+351819144,-974377708,+00341523,11
XQ,+097805,+2460,+0539,2015/09/23,16:11:41,+351819145,-974377706,+00341525,11
XQ,+097805,+2457,+0543,2015/09/23,16:11:42,+351819145,-974377705,+00341507,11
XQ,+097803,+2458,+0541,2015/09/23,16:11:43,+351819145,-974377704,+00341548,11
XQ,+097808,+2459,+0545,2015/09/23,16:11:44,+351819142,-974377698,+00341559,11
XQ,+097809,+2464,+0551,2015/09/23,16:11:45,+351819140,-974377695,+00341573,11
XQ,+097808,+2464,+0557,2015/09/23,16:11:46,+351819139,-974377694,+00341500,11
XQ,+097808,+2465,+0558,2015/09/23,16:11:47,+351819139,-974377694,+00341440,11
XQ,+097813,+2465,+0560,2015/09/23,16:11:48,+351819139,-974377694,+00341336,11
XQ,+097811,+2464,+0548,2015/09/23,16:11:49,+351819138,-974377693,+00341239,11
XQ,+097810,+2462,+0548,2015/09/23,16:11:50,+351819139,-974377694,+00341244,11
XQ,+097811,+2456,+0548,2015/09/23,16:11:51,+351819139,-974377695,+00341219,11
XQ,+097809,+2452,+0550,2015/09/23,16:11:52,+351819137,-974377693,+00341173,11
XQ,+097811,+2466,+0551,2015/09/23,16:11:53,+351819136,-974377691,+00341219,11
XQ,+097815,+2479,+0557,2015/09/23,16:11:54,+351819135,-974377691,+00341195,11
XQ,+097806,+2487,+0558,2015/09/23,16:11:55,+351819135,-974377694,+00341089,11
XQ,+097811,+2487,+0561,2015/09/23,16:11:56,+351819137,-974377694,+00341071,11
XQ,+097812,+2459,+0550,2015/09/23,16:11:57,+351819140,-974377694,+00341141,11
XQ,+097802,+2456,+0556,2015/09/23,16:11:58,+351819139,-974377700,+00341130,11
XQ,+097810,+2458,+0555,2015/09/23,16:11:59,+351819142,-974377701,+00341215,11
XQ,+097807,+2466,+0556,2015/09/23,16:12:00,+351819142,-974377705,+00341300,11
XQ,+097810,+2477,+0549,2015/09/23,16:12:01,+351819142,-974377706,+00341353,11
XQ,+097811,+2480,+0557,2015/09/23,16:12:02,+351819143,-974377708,+00341410,11
XQ,+097809,+2472,+0551,2015/09/23,16:12:03,+351819148,-974377708,+00341506,11
XQ,+097810,+2471,+0549,2015/09/23,16:12:04,+351819151,-974377708,+00341622,12
XQ,+097815,+2459,+0556,2015/09/23,16:12:05,+351819153,-974377709,+00341714,12
XQ,+097812,+2471,+0548,2015/09/23,16:12:06,+351819156,-974377709,+00341871,12
XQ,+097837,+2472,+0557,2015/09/23,16:12:07,+351819159,-974377709,+00342048,12
XQ,+097841,+2473,+0558,2015/09/23,16:12:08,+351819162,-974377707,+00342240,12
XQ,+097837,+2460,+0549,2015/09/23,16:12:09,+351819166,-974377703,+00342337,12
XQ,+097846,+2459,+0552,2015/09/23,16:12:10,+351819168,-974377698,+00342393,12
XQ,+097833,+2461,+0547,2015/09/23,16:12:11,+351819169,-974377696,+00342458,12
XQ,+097843,+2461,+0561,2015/09/23,16:12:12,+351819170,-974377693,+00342497,12
XQ,+097844,+2467,+0550,2015/09/23,16:12:13,+351819171,-974377688,+00342566,12
XQ,+097829,+2473,+0559,2015/09/23,16:12:14,+351819170,-974377686,+00342609,12
XQ,+097834,+2454,+0552,2015/09/23,16:12:15,+351819168,-974377685,+00342642,12
XQ,+097840,+2461,+0558,2015/09/23,16:12:16,+351819168,-974377683,+00342756,12
XQ,+097830,+2459,+0558,2015/09/23,16:12:17,+351819169,-974377679,+00342731,12
XQ,+097838,+2467,+0560,2015/09/23,16:12:18,+351819169,-974377671,+00342747,12
XQ,+097843,+2470,+0554,2015/09/23,16:12:19,+351819171,-974377671,+00342797,12
XQ,+097838,+2462,+0561,2015/09/23,16:12:20,+351819174,-974377669,+00342896,12
XQ,+097840,+2457,+0550,2015/09/23,16:12:21,+351819176,-974377666,+00342950,12
XQ,+097836,+2452,+0548,2015/09/23,16:12:22,+351819177,-974377664,+00343119,12
XQ,+097842,+2459,+0558,2015/09/23,16:12:23,+351819178,-974377661,+00343290,12
XQ,+097838,+2469,+0551,2015/09/23,16:12:24,+351819179,-974377661,+00343455,12
XQ,+097838,+2476,+0551,2015/09/23,16:12:25,+351819182,-974377659,+00343738,12
XQ,+097844,+2469,+0552,2015/09/23,16:12:26,+351819183,-974377661,+00343916,12
XQ,+097838,+2467,+0552,2015/09/23,16:12:27,+351819183,-974377659,+00344021,12
XQ,+097843,+2469,+0558,2015/09/23,16:12:28,+351819182,-974377657,+00344092,12
XQ,+097840,+2454,+0550,2015/09/23,16:12:29,+351819181,-974377659,+00344240,12
XQ,+097838,+2455,+0551,2015/09/23,16:12:30,+351819176,-974377657,+00344289,12
XQ,+097839,+2461,+0561,2015/09/23,16:12:31,+351819171,-974377654,+00344303,12
XQ,+097833,+2472,+0555,2015/09/23,16:12:32,+351819165,-974377656,+00344306,12
XQ,+097841,+2454,+0557,2015/09/23,16:12:33,+351819161,-974377657,+00344299,12
XQ,+097834,+2446,+0549,2015/09/23,16:12:34,+351819157,-974377660,+00344302,12
XQ,+097843,+2443,+0557,2015/09/23,16:12:35,+351819154,-974377661,+00344243,12
XQ,+097839,+2444,+0557,2015/09/23,16:12:36,+351819152,-974377664,+00344349,12
XQ,+097838,+2461,+0562,2015/09/23,16:12:37,+351819150,-974377662,+00344491,11
XQ,+097848,+2458,+0551,2015/09/23,16:12:38,+351819147,-974377660,+00344593,11
XQ,+097838,+2461,+0561,2015/09/23,16:12:39,+351819145,-974377665,+00344644,12
XQ,+097844,+2453,+0558,2015/09/23,16:12:40,+351819146,-974377674,+00344682,12
XQ,+097841,+2446,+0551,2015/09/23,16:12:41,+351819145,-974377681,+00344657,12
XQ,+097834,+2458,+0559,2015/09/23,16:12:42,+351819144,-974377691,+00344658,12
XQ,+097842,+2458,+0560,2015/09/23,16:12:43,+351819143,-974377702,+00344679,12
XQ,+097839,+2452,+0548,2015/09/23,16:12:44,+351819141,-974377710,+00344657,12
XQ,+097843,+2452,+0559,2015/09/23,16:12:45,+351819137,-974377715,+00344519,12
XQ,+097842,+2449,+0561,2015/09/23,16:12:46,+351819133,-974377723,+00344404,12
XQ,+097846,+2463,+0554,2015/09/23,16:12:47,+351819129,-974377730,+00344290,12
XQ,+097839,+2467,+0561,2015/09/23,16:12:48,+351819127,-974377734,+00344165,12
XQ,+097838,+2452,+0561,2015/09/23,16:12:49,+351819123,-974377738,+00344026,12
XQ,+097843,+2458,+0559,2015/09/23,16:12:50,+351819118,-974377742,+00343872,12
XQ,+097847,+2445,+0558,2015/09/23,16:12:51,+351819112,-974377745,+00343714,12
XQ,+097836,+2455,+0557,2015/09/23,16:12:52,+351819106,-974377747,+00343615,12
XQ,+097836,+2460,+0558,2015/09/23,16:12:53,+351819101,-974377750,+00343503,12
XQ,+097841,+2444,+0558,2015/09/23,16:12:54,+351819096,-974377748,+00343371,12
XQ,+097843,+2448,+0561,2015/09/23,16:12:55,+351819089,-974377752,+00343197,12
XQ,+097844,+2464,+0569,2015/09/23,16:12:56,+351819082,-974377753,+00343026,12
XQ,+097840,+2467,+0571,2015/09/23,16:12:57,+351819075,-974377755,+00342867,12
XQ,+097841,+2483,+0568,2015/09/23,16:12:58,+351819069,-974377755,+00342723,12
XQ,+097841,+2486,+0568,2015/09/23,16:12:59,+351819065,-974377756,+00342651,12
XQ,+097840,+2471,+0557,2015/09/23,16:13:00,+351819060,-974377757,+00342526,12
XQ,+097837,+2471,+0562,2015/09/23,16:13:01,+351819053,-974377761,+00342394,12
XQ,+097835,+2461,+0556,2015/09/23,16:13:02,+351819049,-974377764,+00342239,12
XQ,+097839,+2470,+0557,2015/09/23,16:13:03,+351819045,-974377765,+00342093,12
XQ,+097840,+2476,+0560,2015/09/23,16:13:04,+351819042,-974377767,+00341971,12
XQ,+097841,+2485,+0563,2015/09/23,16:13:05,+351819039,-974377768,+00341849,12
XQ,+097840,+2482,+0564,2015/09/23,16:13:06,+351819034,-974377770,+00341750,12
XQ,+097845,+2498,+0569,2015/09/23,16:13:07,+351819031,-974377772,+00341660,13
XQ,+097835,+2488,+0563,2015/09/23,16:13:08,+351819030,-974377774,+00341537,13
XQ,+097838,+2490,+0566,2015/09/23,16:13:09,+351819029,-974377776,+00341469,13
XQ,+097841,+2490,+0567,2015/09/23,16:13:10,+351819028,-974377779,+00341369,13
XQ,+097839,+2493,+0561,2015/09/23,16:13:11,+351819026,-974377781,+00341245,13
XQ,+097843,+2509,+0559,2015/09/23,16:13:12,+351819022,-974377783,+00341160,13
XQ,+097840,+2520,+0561,2015/09/23,16:13:13,+351819020,-974377783,+00341078,14
XQ,+097843,+2520,+0569,2015/09/23,16:13:14,+351819018,-974377785,+00340978,14
XQ,+097847,+2503,+0568,2015/09/23,16:13:15,+351819016,-974377784,+00340886,14
XQ,+097840,+2497,+0561,2015/09/23,16:13:16,+351819017,-974377781,+00340903,14
XQ,+097837,+2485,+0557,2015/09/23,16:13:17,+351819017,-974377781,+00340837,14
XQ,+097843,+2502,+0561,2015/09/23,16:13:18,+351819017,-974377785,+00340742,14
XQ,+097841,+2506,+0563,2015/09/23,16:13:19,+351819018,-974377786,+00340707,14
XQ,+097839,+2512,+0562,2015/09/23,16:13:20,+351819019,-974377783,+00340726,14
XQ,+097836,+2495,+0558,2015/09/23,16:13:21,+351819019,-974377781,+00340745,14
XQ,+097839,+2501,+0561,2015/09/23,16:13:22,+351819019,-974377778,+00340790,14
XQ,+097840,+2504,+0557,2015/09/23,16:13:23,+351819020,-974377778,+00340797,14
XQ,+097844,+2493,+0557,2015/09/23,16:13:24,+351819021,-974377778,+00340818,14
XQ,+097844,+2501,+0554,2015/09/23,16:13:25,+351819020,-974377781,+00340828,14
XQ,+097848,+2487,+0559,2015/09/23,16:13:26,+351819020,-974377785,+00340824,14
XQ,+097840,+2497,+0561,2015/09/23,16:13:27,+351819021,-974377788,+00340860,14
XQ,+097836,+2493,+0557,2015/09/23,16:13:28,+351819022,-974377787,+00340919,14
XQ,+097844,+2478,+0552,2015/09/23,16:13:29,+351819024,-974377791,+00341058,14
XQ,+097841,+2478,+0551,2015/09/23,16:13:30,+351819024,-974377792,+00341164,13
XQ,+097840,+2486,+0549,2015/09/23,16:13:31,+351819024,-974377793,+00341217,13
XQ,+097839,+2478,+0551,2015/09/23,16:13:32,+351819025,-974377796,+00341292,13
XQ,+097842,+2475,+0547,2015/09/23,16:13:33,+351819027,-974377801,+00341410,13
XQ,+097836,+2477,+0561,2015/09/23,16:13:34,+351819027,-974377809,+00341325,13
XQ,+097838,+2481,+0558,2015/09/23,16:13:35,+351819023,-974377820,+00341255,14
XQ,+097838,+2485,+0560,2015/09/23,16:13:36,+351819019,-974377831,+00341172,14
XQ,+097841,+2490,+0547,2015/09/23,16:13:37,+351819017,-974377838,+00341152,14
XQ,+097837,+2491,+0549,2015/09/23,16:13:38,+351819016,-974377847,+00341107,14
XQ,+097836,+2500,+0552,2015/09/23,16:13:39,+351819016,-974377852,+00341115,14
XQ,+097839,+2474,+0540,2015/09/23,16:13:40,+351819015,-974377855,+00341067,14
XQ,+097839,+2463,+0538,2015/09/23,16:13:41,+351819013,-974377858,+00340977,15
XQ,+097834,+2469,+0538,2015/09/23,16:13:42,+351819010,-974377863,+00340878,15
XQ,+097845,+2475,+0541,2015/09/23,16:13:43,+351819007,-974377868,+00340763,15
XQ,+097844,+2468,+0537,2015/09/23,16:13:44,+351819003,-974377870,+00340685,15
XQ,+097840,+2471,+0537,2015/09/23,16:13:45,+351818999,-974377873,+00340700,15
XQ,+097834,+2472,+0538,2015/09/23,16:13:46,+351818996,-974377873,+00340721,15
XQ,+097837,+2475,+0540,2015/09/23,16:13:47,+351818991,-974377872,+00340721,15
XQ,+097841,+2489,+0533,2015/09/23,16:13:48,+351818988,-974377872,+00340749,15
XQ,+097841,+2496,+0533,2015/09/23,16:13:49,+351818987,-974377874,+00340794,15
XQ,+097843,+2501,+0534,2015/09/23,16:13:50,+351818986,-974377874,+00340840,15
XQ,+097844,+2482,+0534,2015/09/23,16:13:51,+351818985,-974377874,+00340958,15
XQ,+097836,+2494,+0536,2015/09/23,16:13:52,+351818985,-974377876,+00341024,15
XQ,+097845,+2506,+0534,2015/09/23,16:13:53,+351818985,-974377877,+00341121,15
XQ,+097835,+2498,+0534,2015/09/23,16:13:54,+351818984,-974377881,+00341131,15
XQ,+097837,+2471,+0540,2015/09/23,16:13:55,+351818984,-974377883,+00341194,15
XQ,+097837,+2464,+0542,2015/09/23,16:13:56,+351818985,-974377885,+00341242,15
XQ,+097838,+2461,+0542,2015/09/23,16:13:57,+351818988,-974377888,+00341266,15
XQ,+097831,+2465,+0538,2015/09/23,16:13:58,+351818989,-974377892,+00341259,14
XQ,+097834,+2467,+0539,2015/09/23,16:13:59,+351818990,-974377895,+00341253,14
XQ,+097831,+2467,+0533,2015/09/23,16:14:00,+351818991,-974377898,+00341259,14
XQ,+097831,+2476,+0538,2015/09/23,16:14:01,+351818991,-974377900,+00341282,14
XQ,+097843,+2484,+0534,2015/09/23,16:14:02,+351818991,-974377897,+00341314,15
XQ,+097840,+2493,+0538,2015/09/23,16:14:03,+351818991,-974377898,+00341208,15
XQ,+097840,+2490,+0536,2015/09/23,16:14:04,+351818991,-974377900,+00341130,15
XQ,+097837,+2500,+0541,2015/09/23,16:14:05,+351818992,-974377900,+00341125,15
XQ,+097834,+2490,+0539,2015/09/23,16:14:06,+351818993,-974377898,+00341052,15
XQ,+097838,+2481,+0536,2015/09/23,16:14:07,+351818994,-974377897,+00341046,15
XQ,+097835,+2465,+0539,2015/09/23,16:14:08,+351818995,-974377898,+00341051,15
XQ,+097841,+2476,+0540,2015/09/23,16:14:09,+351818996,-974377899,+00341048,15
XQ,+097835,+2467,+0540,2015/09/23,16:14:10,+351818997,-974377896,+00341107,15
XQ,+097832,+2466,+0533,2015/09/23,16:14:11,+351818995,-974377897,+00341039,15
XQ,+097840,+2461,+0535,2015/09/23,16:14:12,+351818992,-974377899,+00340882,15
XQ,+097833,+2470,+0538,2015/09/23,16:14:13,+351818988,-974377898,+00340716,15
XQ,+097839,+2477,+0539,2015/09/23,16:14:14,+351818983,-974377896,+00340637,15
XQ,+097834,+2476,+0540,2015/09/23,16:14:15,+351818979,-974377893,+00340612,15
XQ,+097841,+2494,+0540,2015/09/23,16:14:16,+351818975,-974377889,+00340581,15
XQ,+097835,+2489,+0538,2015/09/23,16:14:17,+351818972,-974377885,+00340590,15
XQ,+097835,+2497,+0539,2015/09/23,16:14:18,+351818967,-974377882,+00340565,15
XQ,+097834,+2492,+0533,2015/09/23,16:14:19,+351818966,-974377880,+00340433,15
XQ,+097838,+2467,+0538,2015/09/23,16:14:20,+351818964,-974377878,+00340313,15
XQ,+097842,+2462,+0527,2015/09/23,16:14:21,+351818964,-974377878,+00340281,15
XQ,+097838,+2461,+0531,2015/09/23,16:14:22,+351818962,-974377878,+00340250,15
XQ,+097841,+2464,+0528,2015/09/23,16:14:23,+351818961,-974377876,+00340261,15
XQ,+097832,+2459,+0538,2015/09/23,16:14:24,+351818961,-974377879,+00340283,15
XQ,+097837,+2462,+0540,2015/09/23,16:14:25,+351818962,-974377877,+00340353,14
XQ,+097837,+2463,+0537,2015/09/23,16:14:26,+351818961,-974377876,+00340346,14
XQ,+097839,+2463,+0539,2015/09/23,16:14:27,+351818961,-974377874,+00340375,14
XQ,+097834,+2459,+0538,2015/09/23,16:14:28,+351818961,-974377872,+00340462,14
XQ,+097838,+2460,+0538,2015/09/23,16:14:29,+351818961,-974377874,+00340485,15
XQ,+097842,+2478,+0532,2015/09/23,16:14:30,+351818963,-974377873,+00340517,15
XQ,+097842,+2473,+0537,2015/09/23,16:14:31,+351818966,-974377874,+00340565,15
XQ,+097841,+2466,+0540,2015/09/23,16:14:32,+351818971,-974377874,+00340612,15
XQ,+097832,+2468,+0538,2015/09/23,16:14:33,+351818975,-974377875,+00340622,15
XQ,+097834,+2473,+0540,2015/09/23,16:14:34,+351818979,-974377877,+00340724,15
XQ,+097835,+2489,+0542,2015/09/23,16:14:35,+351818982,-974377877,+00340796,15
XQ,+097847,+2484,+0547,2015/09/23,16:14:36,+351818986,-974377876,+00340814,15
XQ,+097841,+2478,+0551,2015/09/23,16:14:37,+351818990,-974377875,+00340887,15
XQ,+097841,+2480,+0559,2015/09/23,16:14:38,+351818995,-974377872,+00340983,15
XQ,+097839,+2478,+0553,2015/09/23,16:14:39,+351818997,-974377871,+00341049,15
XQ,+097837,+2488,+0559,2015/09/23,16:14:40,+351819000,-974377870,+00341083,15
XQ,+097839,+2501,+0553,2015/09/23,16:14:41,+351819000,-974377869,+00341081,15
XQ,+097840,+2501,+0559,2015/09/23,16:14:42,+351819000,-974377866,+00340998,15
XQ,+097845,+2487,+0559,2015/09/23,16:14:43,+351819000,-974377861,+00340911,15
XQ,+097846,+2468,+0559,2015/09/23,16:14:44,+351819001,-974377857,+00340839,15
XQ,+097839,+2480,+0558,2015/09/23,16:14:45,+351818999,-974377852,+00340721,15
XQ,+097846,+2481,+0560,2015/09/23,16:14:46,+351818997,-974377848,+00340656,15
XQ,+097842,+2471,+0557,2015/09/23,16:14:47,+351818996,-974377844,+00340631,15
XQ,+097836,+2481,+0553,2015/09/23,16:14:48,+351818995,-974377840,+00340590,15
XQ,+097837,+2464,+0555,2015/09/23,16:14:49,+351818995,-974377833,+00340549,15
XQ,+097847,+2464,+0555,2015/09/23,16:14:50,+351818999,-974377829,+00340572,15
XQ,+097841,+2455,+0555,2015/09/23,16:14:51,+351819002,-974377826,+00340597,15
XQ,+097841,+2465,+0560,2015/09/23,16:14:52,+351819004,-974377822,+00340608,15
XQ,+097834,+2473,+0558,2015/09/23,16:14:53,+351819005,-974377821,+00340651,15
XQ,+097834,+2471,+0547,2015/09/23,16:14:54,+351819007,-974377819,+00340700,15
XQ,+097840,+2463,+0550,2015/09/23,16:14:55,+351819008,-974377818,+00340744,15
XQ,+097841,+2464,+0540,2015/09/23,16:14:56,+351819011,-974377817,+00340750,15
XQ,+097839,+2462,+0540,2015/09/23,16:14:57,+351819014,-974377816,+00340825,15
XQ,+097835,+2470,+0540,2015/09/23,16:14:58,+351819019,-974377815,+00340903,15
XQ,+097840,+2468,+0535,2015/09/23,16:14:59,+351819026,-974377814,+00340943,15
XQ,+097839,+2470,+0536,2015/09/23,16:15:00,+351819031,-974377814,+00341019,15
XQ,+097836,+2466,+0539,2015/09/23,16:15:01,+351819035,-974377813,+00341120,15
XQ,+097840,+2461,+0533,2015/09/23,16:15:02,+351819037,-974377811,+00341187,15
XQ,+097841,+2459,+0537,2015/09/23,16:15:03,+351819037,-974377811,+00341252,15
XQ,+097842,+2461,+0541,2015/09/23,16:15:04,+351819036,-974377810,+00341345,15
XQ,+097842,+2456,+0539,2015/09/23,16:15:05,+351819033,-974377813,+00341393,15
XQ,+097846,+2470,+0541,2015/09/23,16:15:06,+351819032,-974377813,+00341488,15
XQ,+097835,+2469,+0538,2015/09/23,16:15:07,+351819030,-974377815,+00341599,15
XQ,+097838,+2471,+0540,2015/09/23,16:15:08,+351819029,-974377818,+00341691,15
XQ,+097836,+2468,+0538,2015/09/23,16:15:09,+351819028,-974377825,+00341664,15
XQ,+097844,+2470,+0537,2015/09/23,16:15:10,+351819026,-974377832,+00341763,15
XQ,+097840,+2482,+0541,2015/09/23,16:15:11,+351819024,-974377841,+00341782,15
XQ,+097837,+2484,+0538,2015/09/23,16:15:12,+351819021,-974377850,+00341733,15
XQ,+097834,+2482,+0538,2015/09/23,16:15:13,+351819019,-974377856,+00341736,15
XQ,+097839,+2477,+0539,2015/09/23,16:15:14,+351819017,-974377866,+00341647,15
XQ,+097837,+2469,+0538,2015/09/23,16:15:15,+351819013,-974377880,+00341545,15
XQ,+097834,+2473,+0541,2015/09/23,16:15:16,+351819010,-974377887,+00341545,15
XQ,+097841,+2491,+0541,2015/09/23,16:15:17,+351819008,-974377890,+00341579,15
XQ,+097843,+2490,+0540,2015/09/23,16:15:18,+351819010,-974377893,+00341608,15
XQ,+097838,+2488,+0539,2015/09/23,16:15:19,+351819011,-974377898,+00341598,15
XQ,+097837,+2472,+0539,2015/09/23,16:15:20,+351819012,-974377906,+00341484,15
XQ,+097836,+2467,+0534,2015/09/23,16:15:21,+351819013,-974377909,+00341403,15
XQ,+097833,+2463,+0535,2015/09/23,16:15:22,+351819015,-974377909,+00341375,15
XQ,+097835,+2461,+0533,2015/09/23,16:15:23,+351819017,-974377908,+00341369,15
XQ,+097830,+2459,+0541,2015/09/23,16:15:24,+351819018,-974377904,+00341410,15
XQ,+097839,+2458,+0541,2015/09/23,16:15:25,+351819020,-974377899,+00341424,15
XQ,+097837,+2463,+0535,2015/09/23,16:15:26,+351819025,-974377898,+00341424,15
XQ,+097836,+2474,+0532,2015/09/23,16:15:27,+351819031,-974377898,+00341382,15
XQ,+097833,+2468,+0536,2015/09/23,16:15:28,+351819034,-974377898,+00341308,15
XQ,+097838,+2467,+0535,2015/09/23,16:15:29,+351819037,-974377893,+00341367,15
XQ,+097829,+2467,+0533,2015/09/23,16:15:30,+351819040,-974377892,+00341319,15
XQ,+097840,+2477,+0541,2015/09/23,16:15:31,+351819045,-974377894,+00341294,14
XQ,+097838,+2476,+0535,2015/09/23,16:15:32,+351819049,-974377900,+00341187,14
XQ,+097835,+2481,+0538,2015/09/23,16:15:33,+351819052,-974377905,+00341118,14
XQ,+097835,+2478,+0538,2015/09/23,16:15:34,+351819053,-974377909,+00341155,14
XQ,+097835,+2478,+0539,2015/09/23,16:15:35,+351819056,-974377913,+00341197,14
XQ,+097837,+2480,+0539,2015/09/23,16:15:36,+351819057,-974377919,+00341141,14
XQ,+097837,+2483,+0537,2015/09/23,16:15:37,+351819056,-974377925,+00341160,14
XQ,+097839,+2488,+0538,2015/09/23,16:15:38,+351819055,-974377925,+00341243,14
XQ,+097835,+2504,+0542,2015/09/23,16:15:39,+351819056,-974377925,+00341281,14
XQ,+097833,+2516,+0538,2015/09/23,16:15:40,+351819056,-974377924,+00341296,14
XQ,+097842,+2544,+0538,2015/09/23,16:15:41,+351819057,-974377920,+00341258,14
XQ,+097834,+2509,+0539,2015/09/23,16:15:42,+351819058,-974377918,+00341142,14
XQ,+097836,+2505,+0536,2015/09/23,16:15:43,+351819057,-974377914,+00341020,14
XQ,+097832,+2507,+0541,2015/09/23,16:15:44,+351819059,-974377914,+00341001,14
XQ,+097833,+2489,+0541,2015/09/23,16:15:45,+351819057,-974377914,+00340943,14
XQ,+097835,+2491,+0534,2015/09/23,16:15:46,+351819058,-974377913,+00341069,15
XQ,+097828,+2505,+0542,2015/09/23,16:15:47,+351819059,-974377909,+00341232,15
XQ,+097835,+2492,+0540,2015/09/23,16:15:48,+351819059,-974377908,+00341377,15
XQ,+097838,+2512,+0535,2015/09/23,16:15:49,+351819060,-974377907,+00341555,15
XQ,+097840,+2496,+0538,2015/09/23,16:15:50,+351819062,-974377908,+00341738,15
XQ,+097841,+2478,+0541,2015/09/23,16:15:51,+351819064,-974377911,+00341831,15
XQ,+097837,+2470,+0530,2015/09/23,16:15:52,+351819066,-974377916,+00341926,15
XQ,+097832,+2469,+0525,2015/09/23,16:15:53,+351819067,-974377913,+00342130,15
XQ,+097838,+2469,+0526,2015/09/23,16:15:54,+351819068,-974377914,+00342313,15
XQ,+097838,+2470,+0526,2015/09/23,16:15:55,+351819069,-974377911,+00342439,15
XQ,+097832,+2473,+0531,2015/09/23,16:15:56,+351819068,-974377915,+00342545,15
XQ,+097835,+2470,+0532,2015/09/23,16:15:57,+351819067,-974377918,+00342639,15
XQ,+097840,+2470,+0535,2015/09/23,16:15:58,+351819068,-974377919,+00342640,15
XQ,+097835,+2469,+0539,2015/09/23,16:15:59,+351819066,-974377921,+00342593,15
XQ,+097838,+2495,+0531,2015/09/23,16:16:00,+351819067,-974377919,+00342648,15
XQ,+097836,+2479,+0531,2015/09/23,16:16:01,+351819068,-974377914,+00342681,15
XQ,+097842,+2468,+0530,2015/09/23,16:16:02,+351819068,-974377911,+00342698,15
XQ,+097838,+2484,+0532,2015/09/23,16:16:03,+351819066,-974377911,+00342830,15
XQ,+097833,+2501,+0531,2015/09/23,16:16:04,+351819066,-974377908,+00342942,15
XQ,+097841,+2501,+0532,2015/09/23,16:16:05,+351819066,-974377901,+00343003,15
XQ,+097836,+2512,+0539,2015/09/23,16:16:06,+351819068,-974377894,+00343036,15
XQ,+097836,+2493,+0530,2015/09/23,16:16:07,+351819069,-974377887,+00343027,15
XQ,+097839,+2494,+0532,2015/09/23,16:16:08,+351819072,-974377876,+00343044,15
XQ,+097838,+2508,+0529,2015/09/23,16:16:09,+351819073,-974377865,+00343090,15
XQ,+097835,+2511,+0532,2015/09/23,16:16:10,+351819074,-974377851,+00343207,15
XQ,+097838,+2505,+0532,2015/09/23,16:16:11,+351819074,-974377838,+00343252,15
XQ,+097833,+2528,+0533,2015/09/23,16:16:12,+351819073,-974377823,+00343280,15
XQ,+097836,+2514,+0531,2015/09/23,16:16:13,+351819071,-974377816,+00343252,15
XQ,+097835,+2494,+0532,2015/09/23,16:16:14,+351819069,-974377813,+00343060,15
XQ,+097833,+2493,+0531,2015/09/23,16:16:15,+351819065,-974377810,+00342898,15
XQ,+097840,+2487,+0540,2015/09/23,16:16:16,+351819064,-974377809,+00342837,15
XQ,+097843,+2487,+0538,2015/09/23,16:16:17,+351819063,-974377807,+00342819,15
XQ,+097836,+2492,+0540,2015/09/23,16:16:18,+351819062,-974377806,+00342857,15
XQ,+097834,+2489,+0540,2015/09/23,16:16:19,+351819060,-974377810,+00342857,15
XQ,+097835,+2496,+0542,2015/09/23,16:16:20,+351819059,-974377815,+00342833,15
XQ,+097843,+2504,+0532,2015/09/23,16:16:21,+351819057,-974377821,+00342779,14
XQ,+097838,+2502,+0533,2015/09/23,16:16:22,+351819054,-974377832,+00342736,14
XQ,+097840,+2507,+0531,2015/09/23,16:16:23,+351819051,-974377840,+00342766,14
XQ,+097833,+2504,+0539,2015/09/23,16:16:24,+351819048,-974377844,+00342750,14
XQ,+097839,+2506,+0539,2015/09/23,16:16:25,+351819046,-974377844,+00342820,14
XQ,+097837,+2500,+0530,2015/09/23,16:16:26,+351819046,-974377847,+00342869,14
XQ,+097841,+2497,+0530,2015/09/23,16:16:27,+351819045,-974377850,+00342895,14
XQ,+097840,+2506,+0542,2015/09/23,16:16:28,+351819045,-974377854,+00342830,14
XQ,+097842,+2521,+0540,2015/09/23,16:16:29,+351819044,-974377863,+00342860,14
XQ,+097840,+2514,+0528,2015/09/23,16:16:30,+351819042,-974377869,+00342867,14
XQ,+097839,+2527,+0530,2015/09/23,16:16:31,+351819041,-974377874,+00342778,14
XQ,+097846,+2507,+0535,2015/09/23,16:16:32,+351819040,-974377876,+00342867,14
XQ,+097841,+2488,+0518,2015/09/23,16:16:33,+351819039,-974377874,+00342912,14
XQ,+097836,+2483,+0517,2015/09/23,16:16:34,+351819038,-974377872,+00342963,14
XQ,+097837,+2483,+0524,2015/09/23,16:16:35,+351819039,-974377869,+00342875,14
XQ,+097835,+2485,+0520,2015/09/23,16:16:36,+351819042,-974377869,+00342822,15
XQ,+097837,+2482,+0522,2015/09/23,16:16:37,+351819045,-974377867,+00342805,15
XQ,+097832,+2486,+0519,2015/09/23,16:16:38,+351819048,-974377869,+00342724,15
XQ,+097833,+2486,+0521,2015/09/23,16:16:39,+351819053,-974377871,+00342718,15
XQ,+097831,+2481,+0523,2015/09/23,16:16:40,+351819060,-974377871,+00342719,15
XQ,+097831,+2486,+0525,2015/09/23,16:16:41,+351819067,-974377872,+00342682,15
XQ,+097838,+2486,+0527,2015/09/23,16:16:42,+351819072,-974377876,+00342688,15
XQ,+097836,+2484,+0527,2015/09/23,16:16:43,+351819077,-974377873,+00342623,14
XQ,+097838,+2474,+0530,2015/09/23,16:16:44,+351819080,-974377877,+00342518,15
XQ,+097846,+2476,+0532,2015/09/23,16:16:45,+351819085,-974377880,+00342310,15
XQ,+097836,+2485,+0536,2015/09/23,16:16:46,+351819089,-974377889,+00342175,15
XQ,+097836,+2488,+0536,2015/09/23,16:16:47,+351819092,-974377891,+00341930,15
XQ,+097838,+2491,+0538,2015/09/23,16:16:48,+351819097,-974377893,+00341818,15
XQ,+097838,+2490,+0538,2015/09/23,16:16:49,+351819101,-974377899,+00341864,15
XQ,+097838,+2489,+0537,2015/09/23,16:16:50,+351819105,-974377905,+00341813,15
XQ,+097838,+2495,+0538,2015/09/23,16:16:51,+351819110,-974377911,+00341620,15
XQ,+097841,+2489,+0537,2015/09/23,16:16:52,+351819112,-974377910,+00341489,15
XQ,+097840,+2507,+0539,2015/09/23,16:16:53,+351819111,-974377913,+00341299,15
XQ,+097847,+2494,+0543,2015/09/23,16:16:54,+351819111,-974377914,+00341144,15
XQ,+097837,+2501,+0539,2015/09/23,16:16:55,+351819113,-974377914,+00341130,15
XQ,+097836,+2499,+0532,2015/09/23,16:16:56,+351819116,-974377912,+00341083,15
